Workbook

Sheet قياس الأداء للربع الأول
A1: قياس الأداء الإستراتيجي و التشغيلي للربع الأول لعام 2026م
A2: رمزالهدف | B2: رمزالمؤشر | C2: المؤشر | D2: نوع المؤشر | E2: وحدة القياس | F2: الإتجاه | G2: دورية القياس | H2: البيانات المطلوبة للقياس | I2: الإدارة المالكة | J2: خط الأساس | K2: مستهدف عام 2026 | L2: المستهدف للربع الأول | M2: المتحقق الفعلي للربع الأول | N2: نسبة الإنجاز | O2: قيمة الانحراف | P2: نسبة الانحراف | Q2: ماذا حصل؟ | R2: كيف حصل؟ | S2: إرفاق شواهد الربع الأول | T2: حالة الإعتماد | U2: توصيات قسم الاستراتيجية | V2: الأداء السنوي | W2: نسبة التقدم نحو المستهدف السنوي | X2: شامل
A3: ع1 | B3: ع1-1 | C3: متوسط ما تتحصل عليه الأسرة من الجمعية | D3: استراتيجي | E3: ريال | F3: كلما زاد كان أفضل | G3: ربع سنوي | H3: تقرير مالي بالمعونات المقدمة للأسر المستفيدة وعدد الأسر المستفيدة | I3: إدارة الرعاية و التمكين | J3: 0 | K3: 20000 | L3: 4000 | N3: =IF(AND($T3="معتمد",$L3>0),$M3/$L3,"") | O3: =IF($T3="معتمد",$M3-$L3,"") | P3: =IF(AND($T3="معتمد",$L3>0),($M3-$L3)/$L3,"") | V3: =IF($T3<>"معتمد","",IFERROR((IF(AND($T3="معتمد",$L3>0),$M3,0))/(IF(AND($T3="معتمد",$L3>0),$L3,0)),"")) | W3: =IF(AND($T3="معتمد",$K3>0),(IF($T3="معتمد",$M3,0))/$K3,"") | X3: =A3&B3&C3&D3&E3&F3&G3&H3&I3&J3&K3&L3&M3&N3&O3&P3&Q3&R3&S3&T3&U3&V3&W3 -> ع1ع1-1متوسط ما تتحصل عليه الأسرة من الجمعية استراتيجيريالكلما زاد كان أفضلربع سنويتقرير مالي بالمعونات المقدمة للأسر المستفيدة وعدد الأسر المستفيدةإدارة الرعاية و التمكين0200004000 | AA3: البحث عن:
A4: ع1 | B4: ع2-1 | C4: نسبة الأسر التي تم توفير الاحتياجات الضرورية لها | D4: استراتيجي | E4: نسبة | F4: كلما زاد كان أفضل | G4: ربع سنوي | H4: تقرير يصف الإحتياجات الضرورية المعرّفة في الجمعية والأسر المستفيدة منها | I4: إدارة الرعاية و التمكين | J4: 0 | K4: 0.94 | L4: 0.94 | M4: 0.94 | N4: =IF(AND($T4="معتمد",$L4>0),$M4/$L4,"") | O4: =IF($T4="معتمد",$M4-$L4,"") | P4: =IF(AND($T4="معتمد",$L4>0),($M4-$L4)/$L4,"") | Q4: أولًا:تم تغذية بطاقات منافذ لجميع الأسر النشطة وذلك في التاريخ المعتمد 15 من كل شهر ميلادي بمبالغ مخصصة وفق اللوائح المعمول بها لكل أسرة حسب عدد أفرادها،وبلغ عدد الأسر المكفولة في شهر يناير / 151 أسرة واجمالي مبلغ الكفالة لشهر يناير / 66400 ريال ثانيًا:تم تغذية بطاقات منافذ لجميع الأسر النشطة وذلك في التاريخ المعتمد 15 من كل شهر ميلادي بمبالغ مخصصة وفق اللوائح المعمول بها لكل أسرة حسب عدد أفرادها وبلغ عدد الأسر المكفولة في شهر فبراير/ 172 أسرة واجمالي مبلغ الكفالة لشهر يناير / 72900 ريال ثالثًا:تم تغذية بطاقات منافذ لجميع الأسر النشطة وذلك في التاريخ المعتمد 15 من كل شهر ميلادي بمبالغ مخصصة وفق اللوائح المعمول بها لكل أسرة حسب عدد أفرادها وبلغ عدد الأسر المكفولة في شهر فبراير/ 171 أسرة واجمالي مبلغ الكفالة لشهر يناير / 73450 ريال رابعًا:تم تغذية بطاقات منافذ للأسر التي لديها طلاب بالمرحلة الابتدائية والمتوسطة والثانوية بمبلع الحقيبة المدرسية المخصص لكل طالب وهو 150ريال وبلغ اجمالي عدد الطلاب: 235 واجمالي تغذية البطاقات: 35250 ريال خامسًا:تم السداد للحالات الطارئة من مشروع امان وذلك لبعض المديونيات المتعثرة لدى المستفيدين كما بلغ عدد المستفيدين للبرنامج 17 مستفيدعلى ثلاثة مراحل متفاوتة ، باجمالي مبلغ السداد 12446684ريال سادسًا: تم اكمال منزل مستفيد وتعتبر الحالة الثالثة والأخيرة الالحاقية لبرنامج اكمال المنازل في 2025 وبلغ تكلفة المشروع لهذه الحالة 168212 ريال ، كما بلغ عدد المستفيدي لكامل المشروع ثلاثة مستفيين باجمالي تكلفة المشروع 240000 ريال سابعًا: المطابخ : تم تركيب 5 مطابخ لخمسة مستفيدين الأجهزة الكهربائية:تم صرف وتوصيل 7 أجهزة كهربائية للمستفيدين بعدد: 4 أفران+ 1 غسالة + 2 ثلاجة . الأثاث: تم صرف كنب لثلاثة أسر مستفيدة مستحقة وايصاله لمنازلهم. ثامنًا: صرف سلال غذائية على جميع الأسر المستفيدة لجميع فئات الجمعية وتسليمها لهم من خلال مستودع الجمعية تاسعًا: تم تنظيم رحلة لآداء مناسك العمرة وانضمام 33 مستفيد في يوم الاثنين الموافق 15 رمضان لمدة ثلاثة أيام كما شملت رحلة العمرة أهم الخدمات (النقل والسكن والوجبات الرئيسية) عاشرًا: تم تغذية بطاقات منافذ لجميع الأسر النشطة وذلك في التاريخ المعتمد 9 مارس يوم الاثنين بمبالغ مخصصة وفق اللوائح المعمول بها لكل أسرة حسب عدد أفرادها وذلك ملاءمة لتغذية الكفالة الشهرية والمبالغ المقدرة للأسر وبلغ عدد الأسر التي تم دعمهم بكسوة العيد / 173 أسرة واجمالي مبلغ كسوة عيد الفطر / 73750 ريال، تم توزيع هدايا العيد على جميع الأسر المستفيدة وتم تحديد الهدية وهي من محل قوتي للحلويات بلغ عدد المستفيدين من هدية العيد 450 أسرة ، وذلك بكبلغ وقدره 10440 ريال+ هدايا ابناء الاسر 300 هدية، تم تصنيف المستفيدين المستحقين لزكاة الفطر ، وتوزيع وتوزيع الفطرة عليهم ، وذلك وفق سياسة تنظيم للزمان والمكان باشعار المستفيدين ومتابعتهم | R4: أولاً:اثر التحديث السنوي للأسر المستفيدة وفرز النشطين والمستحقين ومن تم تسجيله وقبوله خلال هذه الفترة ، وخلال تنشيط ملفاتهم يتم تحديد العدد والعمر مقابل المبلغ المحدد لكل فرد وفق اللوائح المعمول بها، ثم تصنيف القائمة ورفع طلب التغذية في نظام منافذ واشعار المستفيدين بذلك. ثانياً:التحقق من استمرارية استحقاق النشطين وقبول المتقدمين الجدد ، يتم تحديد العدد والعمر مقابل المبلغ المحدد لكل فرد وفق اللوائح المعمول بها، ثم تصنيف القائمة ورفع طلب التغذية في نظام منافذ واشعار المستفيدين بذلك. ثالثاً:التحقق من استمرارية استحقاق النشطين وقبول المتقدمين الجدد ، يتم تحديد العدد والعمر مقابل المبلغ المحدد لكل فرد وفق اللوائح المعمول بها، ثم تصنيف القائمة ورفع طلب التغذية في نظام منافذ واشعار المستفيدين بذلك. رابعاً:فرز وحصر المستفيدين الرعويين ، من خلال النشطين على نظام خير وتم تقدير مبلغ موحد وهو 400 ريال لكل الأسر تحليلاً لمشتريات سابقة، ومن ثم رفع طلب تغذية على نظام منافذ ، وتحديد منافذ العنايى واشعار المستفيدين بذلك . خامساً:من خلال فرز التابعين حسب العمر والمرحلة الدراسية في نظام خير والتواصل مع الأسر والتحقق منها ، وتم تحديد مبلغ لكل الطلاب واعتماده وايداعه في حسابهم في منافذ واشعارهم بذلك. سادساً:تم حصر المستفيدين المديونين وذلك من خلال التواصل والاستبيانات وفرز المستحقين للسداد حسب سياسة المشروع ، ومن ثم رفع القوائم للمالية واعتماد السداد واشعار المستفيدين. سابعاً:من خلال الزيارات الميدانية للباحثين للأسر المستفيدة تم حصر وفرز من كان وضع منزل غير صالح ويحتاج لتدخل واكمال بناء وترميم ، ورفع تقارير بالصور والمرئيات للإدارة واعتماد الحالات المرشحة ، ومن ثم تم التعاقد مع الشركات المقاولة واعتمادة وبدء التنفيذ والانتهاء منه. ثامنا:"تم فرز وحصر طلبات المستفيدين المرفوعة في نظام خير حسب كل برنامج وتوفر الطلبات والتأكد من استحقاقيتهم للطلبات المرفوعة من خلال الزيارات الميدانية واعتماد الاستحقاق ومن بعد ذلك يتم صرف لكل مستفيد * الأجهزة الكهربائية وتوزيعها في زيارة مؤسسة الراجحي الخيرية عبر زيارات ميدانية للأسر المستحقة. * الأثاث (الكنبات) تم استقبالها من الداعم في مستودع الجمعية وتم تسليمها للمستفيدين المستحقين. * المطابخ تم الاتفاق مع شركة مطابخ وفق اتفاقية الداعم للبرنامج بزيارة مسبقة لأخذ المقاسات الدقيقة ومن ثم تركيبها بشكل كامل. " تاسعاً:تم استقبال سلال غذائية من المتبرعين، ثم تم صرف سلال غذائية على جميع الأسر المستفيدة لجميع فئات الجمعية واشعارهم بذلك وتسليمها لهم من خلال مستودع الجمعية. عاشراً:"تم حصر المستفيدين من خلال ارسال نموذج بالرغبة في الانضمام ومتابعة التواصل مع المستفيد بالتحقق والاستحقاق وتسجيل مرافق معه ان وجد وتنظيم العمرة باتفاق مع شركة (المنفذ المثالث) وتم تعيين مشرف للعمرة ومتطوع متعاون لترتيب وتنظيم العمرة بشكل متكامل ومنظم" الحادي عشر:فرز وحصر المستفيدين الرعويين ، من خلال النشطين على نظام خير وتم تقدير مبلغ كسوة العيد مماثلاُ لمبلغ الكفالة الشهرية، ومن ثم رفع طلب تغذية على نظام منافذ ، وتحديد منافذ الكسوة واشعار المستفيدين بذلك. الثاني عشر:تم فرز المستفيدين المستحقين لهدية العيد من فئتي الرعوي والتنموي وتحديد اجمالي العدد، ومن ثم البحث عن صنف مناسب لتقديمه هدية عيد للمستفيدين، والعمل على المعاملات والمطالبات المالية، واستلامها وترتيبها وتجهيزها وتقديمها للأسر مع زكاة الفطر. الثالث عشر:تم فرز المستفيدين المستحقين زكاة الفطر من جميع الفئات الرعوي والتنموي وفئة هـ وتحديد الكمية المقدرة لكل أسرة حسب عدد أفرادها، ويتم تسليمها للأسر المستفيدة وفق سياسة تنظيم معتمدة وتعمم على الأسر المستفيدة. | S4: مؤشر نسبة الأسر التي تم توفير الاحتياجات الضرورية لها | V4: =IF($T4<>"معتمد","",IFERROR((IF(AND($T4="معتمد",$L4>0),$M4,0))/(IF(AND($T4="معتمد",$L4>0),$L4,0)),"")) | W4: =IF(AND($T4="معتمد",$K4>0),(IF($T4="معتمد",$M4,0))/$K4,"") | X4: =A4&B4&C4&D4&E4&F4&G4&H4&I4&J4&K4&L4&M4&N4&O4&P4&Q4&R4&S4&T4&U4&V4&W4 -> ع1ع2-1نسبة الأسر التي تم توفير الاحتياجات الضرورية لها استراتيجينسبةكلما زاد كان أفضلربع سنويتقرير يصف الإحتياجات الضرورية المعرّفة في الجمعية والأسر المستفيدة منهاإدارة الرعاية و التمكين00.940.940.94أولًا:تم تغذية بطاقات منافذ لجميع الأسر النشطة وذلك في التاريخ المعتمد 15 من كل شهر ميلادي بمبالغ مخصصة وفق اللوائح المعمول بها لكل أسرة حسب عدد أفرادها،وبلغ عدد الأسر المكفولة في شهر يناير / 151 أسرة واجمالي مبلغ الكفالة لشهر يناير / 66400 ريال ثانيًا:تم تغذية بطاقات منافذ لجميع الأسر النشطة وذلك في التاريخ المعتمد 15 من كل شهر ميلادي بمبالغ مخصصة وفق اللوائح المعمول بها لكل أسرة حسب عدد أفرادها وبلغ عدد الأسر المكفولة في شهر فبراير/ 172 أسرة واجمالي مبلغ الكفالة لشهر يناير / 72900 ريال ثالثًا:تم تغذية بطاقات منافذ لجميع الأسر النشطة وذلك في التاريخ المعتمد 15 من كل شهر ميلادي بمبالغ مخصصة وفق اللوائح المعمول بها لكل أسرة حسب عدد أفرادها وبلغ عدد الأسر المكفولة في شهر فبراير/ 171 أسرة واجمالي مبلغ الكفالة لشهر يناير / 73450 ريال رابعًا:تم تغذية بطاقات منافذ للأسر التي لديها طلاب بالمرحلة الابتدائية والمتوسطة والثانوية بمبلع الحقيبة المدرسية المخصص لكل طالب وهو 150ريال وبلغ اجمالي عدد الطلاب: 235 واجمالي تغذية البطاقات: 35250 ريال خامسًا:تم السداد للحالات الطارئة من مشروع امان وذلك لبعض المديونيات المتعثرة لدى المستفيدين كما بلغ عدد المستفيدين للبرنامج 17 مستفيدعلى ثلاثة مراحل متفاوتة ، باجمالي مبلغ السداد 12446684ريال سادسًا: تم اكمال منزل مستفيد وتعتبر الحالة الثالثة والأخيرة الالحاقية لبرنامج اكمال المنازل في 2025 وبلغ تكلفة المشروع لهذه الحالة 168212 ريال ، كما بلغ عدد المستفيدي لكامل المشروع ثلاثة مستفيين باجمالي تكلفة المشروع 240000 ريال سابعًا: المطابخ : تم تركيب 5 مطابخ لخمسة مستفيدين الأجهزة الكهربائية:تم صرف وتوصيل 7 أجهزة كهربائية للمستفيدين بعدد: 4 أفران+ 1 غسالة + 2 ثلاجة . الأثاث: تم صرف كنب لثلاثة أسر مستفيدة مستحقة وايصاله لمنازلهم. ثامنًا: صرف سلال غذائية على جميع الأسر المستفيدة لجميع فئات الجمعية وتسليمها لهم من خلال مستودع الجمعية تاسعًا: تم تنظيم رحلة لآداء مناسك العمرة وانضمام 33 مستفيد في يوم الاثنين الموافق 15 رمضان لمدة ثلاثة أيام كما شملت رحلة العمرة أهم الخدمات (النقل والسكن والوجبات الرئيسية) عاشرًا: تم تغذية بطاقات منافذ لجميع الأسر النشطة وذلك في التاريخ المعتمد 9 مارس يوم الاثنين بمبالغ مخصصة وفق اللوائح المعمول بها لكل أسرة حسب عدد أفرادها وذلك ملاءمة لتغذية الكفالة الشهرية والمبالغ المقدرة للأسر وبلغ عدد الأسر التي تم دعمهم بكسوة العيد / 173 أسرة واجمالي مبلغ كسوة عيد الفطر / 73750 ريال، تم توزيع هدايا العيد على جميع الأسر المستفيدة وتم تحديد الهدية وهي من محل قوتي للحلويات بلغ عدد المستفيدين من هدية العيد 450 أسرة ، وذلك بكبلغ وقدره 10440 ريال+ هدايا ابناء الاسر 300 هدية، تم تصنيف المستفيدين المستحقين لزكاة الفطر ، وتوزيع وتوزيع الفطرة عليهم ، وذلك وفق سياسة تنظيم للزمان والمكان باشعار المستفيدين ومتابعتهم أولاً:اثر التحديث السنوي للأسر المستفيدة وفرز النشطين والمستحقين ومن تم تسجيله وقبوله خلال هذه الفترة ، وخلال تنشيط ملفاتهم يتم تحديد العدد والعمر مقابل المبلغ المحدد لكل فرد وفق اللوائح المعمول بها، ثم تصنيف القائمة ورفع طلب التغذية في نظام منافذ واشعار المستفيدين بذلك. ثانياً:التحقق من استمرارية استحقاق النشطين وقبول المتقدمين الجدد ، يتم تحديد العدد والعمر مقابل المبلغ المحدد لكل فرد وفق اللوائح المعمول بها، ثم تصنيف القائمة ورفع طلب التغذية في نظام منافذ واشعار المستفيدين بذلك. ثالثاً:التحقق من استمرارية استحقاق النشطين وقبول المتقدمين الجدد ، يتم تحديد العدد والعمر مقابل المبلغ المحدد لكل فرد وفق اللوائح المعمول بها، ثم تصنيف القائمة ورفع طلب التغذية في نظام منافذ واشعار المستفيدين بذلك. رابعاً:فرز وحصر المستفيدين الرعويين ، من خلال النشطين على نظام خير وتم تقدير مبلغ موحد وهو 400 ريال لكل الأسر تحليلاً لمشتريات سابقة، ومن ثم رفع طلب تغذية على نظام منافذ ، وتحديد منافذ العنايى واشعار المستفيدين بذلك . خامساً:من خلال فرز التابعين حسب العمر والمرحلة الدراسية في نظام خير والتواصل مع الأسر والتحقق منها ، وتم تحديد مبلغ لكل الطلاب واعتماده وايداعه في حسابهم في منافذ واشعارهم بذلك. سادساً:تم حصر المستفيدين المديونين وذلك من خلال التواصل والاستبيانات وفرز المستحقين للسداد حسب سياسة المشروع ، ومن ثم رفع القوائم للمالية واعتماد السداد واشعار المستفيدين. سابعاً:من خلال الزيارات الميدانية للباحثين للأسر المستفيدة تم حصر وفرز من كان وضع منزل غير صالح ويحتاج لتدخل واكمال بناء وترميم ، ورفع تقارير بالصور والمرئيات للإدارة واعتماد الحالات المرشحة ، ومن ثم تم التعاقد مع الشركات المقاولة واعتمادة وبدء التنفيذ والانتهاء منه. ثامنا:"تم فرز وحصر طلبات المستفيدين المرفوعة في نظام خير حسب كل برنامج وتوفر الطلبات والتأكد من استحقاقيتهم للطلبات المرفوعة من خلال الزيارات الميدانية واعتماد الاستحقاق ومن بعد ذلك يتم صرف لكل مستفيد * الأجهزة الكهربائية وتوزيعها في زيارة مؤسسة الراجحي الخيرية عبر زيارات ميدانية للأسر المستحقة. * الأثاث (الكنبات) تم استقبالها من الداعم في مستودع الجمعية وتم تسليمها للمستفيدين المستحقين. * المطابخ تم الاتفاق مع شركة مطابخ وفق اتفاقية الداعم للبرنامج بزيارة مسبقة لأخذ المقاسات الدقيقة ومن ثم تركيبها بشكل كامل. " تاسعاً:تم استقبال سلال غذائية من المتبرعين، ثم تم صرف سلال غذائية على جميع الأسر المستفيدة لجميع فئات الجمعية واشعارهم بذلك وتسليمها لهم من خلال مستودع الجمعية. عاشراً:"تم حصر المستفيدين من خلال ارسال نموذج بالرغبة في الانضمام ومتابعة التواصل مع المستفيد بالتحقق والاستحقاق وتسجيل مرافق معه ان وجد وتنظيم العمرة باتفاق مع شركة (المنفذ المثالث) وتم تعيين مشرف للعمرة ومتطوع متعاون لترتيب وتنظيم العمرة بشكل متكامل ومنظم" الحادي عشر:فرز وحصر المستفيدين الرعويين ، من خلال النشطين على نظام خير وتم تقدير مبلغ كسوة العيد مماثلاُ لمبلغ الكفالة الشهرية، ومن ثم رفع طلب تغذية على نظام منافذ ، وتحديد منافذ الكسوة واشعار المستفيدين بذلك. الثاني عشر:تم فرز المستفيدين المستحقين لهدية العيد من فئتي الرعوي والتنموي وتحديد اجمالي العدد، ومن ثم البحث عن صنف مناسب لتقديمه هدية عيد للمستفيدين، والعمل على المعاملات والمطالبات المالية، واستلامها وترتيبها وتجهيزها وتقديمها للأسر مع زكاة الفطر. الثالث عشر:تم فرز المستفيدين المستحقين زكاة الفطر من جميع الفئات الرعوي والتنموي وفئة هـ وتحديد الكمية المقدرة لكل أسرة حسب عدد أفرادها، ويتم تسليمها للأسر المستفيدة وفق سياسة تنظيم معتمدة وتعمم على الأسر المستفيدة.مؤشر نسبة الأسر التي تم توفير الاحتياجات الضرورية لها
A5: ع2 | B5: ع1-2 | C5: عدد المستفيدين الذين تم تأهيلهم | D5: استراتيجي | E5: مستفيد | F5: كلما زاد كان أفضل | G5: ربع سنوي | H5: قائمة ببرامج التأهيل وعدد المستفيدين من كل برنامج | I5: إدارة الرعاية و التمكين | J5: 0 | K5: 450 | L5: 100 | M5: 102 | N5: =IF(AND($T5="معتمد",$L5>0),$M5/$L5,"") | O5: =IF($T5="معتمد",$M5-$L5,"") | P5: =IF(AND($T5="معتمد",$L5>0),($M5-$L5)/$L5,"") | Q5: أولاً:تم ربط عدد (34) مشترك/ة من أبناء وبنات الأسر المستفيدة في برنامج غراس الرمضاني، بالتعاون مع عدد من الأكاديميات الشريكة. ثانياً:تم تكريم عدد ( 27) متفوقًا ومتفوقة في جائزة التفوق للفصل الأول، وتوزيع الشهادات والجوائز في حفل منظم، بالإضافة إلى إطلاق التسجيل في الجائزة للفصل الدراسي الثاني. ثالثاً:تم تأهيل عدد (20) من الخريجات في دورة المقابلات الوظيفية "كيف تعرف بذاتك " المقامة بالتعاون مع صندوق تنمية الموارد البشرية – هدف، كما تم تأهيل عدد (2) من الخريجات في دورة المكياج الاحترافي مع المدربة سمية الغفيلي، بالاضافة الى تأهيل عدد ( 7) من الخريجين من خلال دورة المهارات الناعمة وفن الاتصال المقامة بالتعاون مع مركز التنمية الاجتماعية – جادة 30، وأيضًا تم ربط مستفيد واحد في برنامج "أساسيات ريادة الأعمال في استثمار المواهب والقدرات" المقام في مركز العثيم فاب لاب، كما تم حصول عدد ( 10 ) من الخريجين في دورة السكرتارية و المهارات الادارية و المنفذة من وحدة التمكين لتابعة للضمان الإجتماعي . رابعاً:تم خلال الربع دراسة حالة تعليمية واحدة لأحد طلاب الأسر المستفيدة المتعثرين في سداد الرسوم. | R5: اولاً:تم ذلك من خلال تفعيل الشراكة مع أكاديمية رموز المستقبل ومركز سواعد وأفكار للتدريب، وإعداد خطة تنفيذية متكاملة تضمنت تحديد الأدوار والضوابط المنظمة للعمل مع الشركاء، إضافة إلى تطبيق أدوات قياس أثر قبلية وبعدية لقياس مستوى التحسن لدى المشاركين وضمان جودة المخرجات. ثانياً:تم ذلك عبر إطلاق التسجيل، ترشيح المستفيدين، ثم فرزهم وفق مسارات الجائزة المعتمدة مسار التميز ومسار التقدم ، مع تنظيم الحفل الرسمي لتكريم الفائزين وتوزيع الشهادات. ثالثاً:تم ذلك من خلال بناء قاعدة بيانات للخريجين وتحديد احتياجاتهم التدريبية والمهنية، ثم ربطهم بالدورات المناسبة بالتعاون مع الجهات الشريكة. كما نُفذت دورة المقابلات الوظيفية استجابةً لاحتياج الخريجين وتهيئتهم قبل المقابلات الوظيفية مع شركة مخازن العناية. رابعاً:تم ذلك من خلال التحقق من استحقاق الحالة وفق شروط لائحة التعليم، وطلب المرفقات اللازمة ، ثم رفعها للإدارة لاعتمادها واستكمال إجراءات السداد. | S5: مؤشر عدد المستفيدين الذين تم تأهيلهم | V5: =IF($T5<>"معتمد","",IFERROR((IF(AND($T5="معتمد",$L5>0),$M5,0))/(IF(AND($T5="معتمد",$L5>0),$L5,0)),"")) | W5: =IF(AND($T5="معتمد",$K5>0),(IF($T5="معتمد",$M5,0))/$K5,"") | X5: =A5&B5&C5&D5&E5&F5&G5&H5&I5&J5&K5&L5&M5&N5&O5&P5&Q5&R5&S5&T5&U5&V5&W5 -> ع2ع1-2عدد المستفيدين الذين تم تأهيلهماستراتيجيمستفيدكلما زاد كان أفضلربع سنويقائمة ببرامج التأهيل وعدد المستفيدين من كل برنامجإدارة الرعاية و التمكين0450100102أولاً:تم ربط عدد (34) مشترك/ة من أبناء وبنات الأسر المستفيدة في برنامج غراس الرمضاني، بالتعاون مع عدد من الأكاديميات الشريكة. ثانياً:تم تكريم عدد ( 27) متفوقًا ومتفوقة في جائزة التفوق للفصل الأول، وتوزيع الشهادات والجوائز في حفل منظم، بالإضافة إلى إطلاق التسجيل في الجائزة للفصل الدراسي الثاني. ثالثاً:تم تأهيل عدد (20) من الخريجات في دورة المقابلات الوظيفية "كيف تعرف بذاتك " المقامة بالتعاون مع صندوق تنمية الموارد البشرية – هدف، كما تم تأهيل عدد (2) من الخريجات في دورة المكياج الاحترافي مع المدربة سمية الغفيلي، بالاضافة الى تأهيل عدد ( 7) من الخريجين من خلال دورة المهارات الناعمة وفن الاتصال المقامة بالتعاون مع مركز التنمية الاجتماعية – جادة 30، وأيضًا تم ربط مستفيد واحد في برنامج "أساسيات ريادة الأعمال في استثمار المواهب والقدرات" المقام في مركز العثيم فاب لاب، كما تم حصول عدد ( 10 ) من الخريجين في دورة السكرتارية و المهارات الادارية و المنفذة من وحدة التمكين لتابعة للضمان الإجتماعي . رابعاً:تم خلال الربع دراسة حالة تعليمية واحدة لأحد طلاب الأسر المستفيدة المتعثرين في سداد الرسوم.اولاً:تم ذلك من خلال تفعيل الشراكة مع أكاديمية رموز المستقبل ومركز سواعد وأفكار للتدريب، وإعداد خطة تنفيذية متكاملة تضمنت تحديد الأدوار والضوابط المنظمة للعمل مع الشركاء، إضافة إلى تطبيق أدوات قياس أثر قبلية وبعدية لقياس مستوى التحسن لدى المشاركين وضمان جودة المخرجات. ثانياً:تم ذلك عبر إطلاق التسجيل، ترشيح المستفيدين، ثم فرزهم وفق مسارات الجائزة المعتمدة مسار التميز ومسار التقدم ، مع تنظيم الحفل الرسمي لتكريم الفائزين وتوزيع الشهادات. ثالثاً:تم ذلك من خلال بناء قاعدة بيانات للخريجين وتحديد احتياجاتهم التدريبية والمهنية، ثم ربطهم بالدورات المناسبة بالتعاون مع الجهات الشريكة. كما نُفذت دورة المقابلات الوظيفية استجابةً لاحتياج الخريجين وتهيئتهم قبل المقابلات الوظيفية مع شركة مخازن العناية. رابعاً:تم ذلك من خلال التحقق من استحقاق الحالة وفق شروط لائحة التعليم، وطلب المرفقات اللازمة ، ثم رفعها للإدارة لاعتمادها واستكمال إجراءات السداد.مؤشر عدد المستفيدين الذين تم تأهيلهم
A6: ع2 | B6: ع2-2 | C6: عدد الأفراد الذين استغنوا عن خدمات الجمعية | D6: استراتيجي | E6: أسرة | F6: كلما زاد كان أفضل | G6: ربع سنوي | H6: قائمة بمستفيدي الجمعية و الأفراد الذين استغنوا عن خدمات الجمعية | I6: إدارة الرعاية و التمكين | J6: 0 | K6: 50 | L6: 5 | M6: 5 | N6: =IF(AND($T6="معتمد",$L6>0),$M6/$L6,"") | O6: =IF($T6="معتمد",$M6-$L6,"") | P6: =IF(AND($T6="معتمد",$L6>0),($M6-$L6)/$L6,"") | Q6: تم توظيف خمسة من الخريجين في عدد من الجهات في القطاع الخاص، حيث التحقت خريجتان بالعمل في شركة حلول أتمال ، وخريجة واحدة في مجمع الفيحاء الطبي، خريج واحد في مدارس الخير الأهلية، وخريج في شركة أمني المتحدة للحراسات الأمنية . | R6: تم العمل مع الخريجين على تحسين جاهزيتهم لسوق العمل من خلال إعداد السير الذاتية وإلحاقهم بعدد من الدورات التطويرية، إضافة إلى متابعتهم في البحث عن فرص العمل وترشيح المناسب منها، حتى تم قبولهم والتحاقهم بالعمل. | S6: مؤشر عدد الأفراد الذين استغنوا عن خدمات الجمعية | V6: =IF($T6<>"معتمد","",IFERROR((IF(AND($T6="معتمد",$L6>0),$M6,0))/(IF(AND($T6="معتمد",$L6>0),$L6,0)),"")) | W6: =IF(AND($T6="معتمد",$K6>0),(IF($T6="معتمد",$M6,0))/$K6,"") | X6: =A6&B6&C6&D6&E6&F6&G6&H6&I6&J6&K6&L6&M6&N6&O6&P6&Q6&R6&S6&T6&U6&V6&W6 -> ع2ع2-2عدد الأفراد الذين استغنوا عن خدمات الجمعيةاستراتيجيأسرةكلما زاد كان أفضلربع سنويقائمة بمستفيدي الجمعية و الأفراد الذين استغنوا عن خدمات الجمعيةإدارة الرعاية و التمكين05055تم توظيف خمسة من الخريجين في عدد من الجهات في القطاع الخاص، حيث التحقت خريجتان بالعمل في شركة حلول أتمال ، وخريجة واحدة في مجمع الفيحاء الطبي، خريج واحد في مدارس الخير الأهلية، وخريج في شركة أمني المتحدة للحراسات الأمنية .تم العمل مع الخريجين على تحسين جاهزيتهم لسوق العمل من خلال إعداد السير الذاتية وإلحاقهم بعدد من الدورات التطويرية، إضافة إلى متابعتهم في البحث عن فرص العمل وترشيح المناسب منها، حتى تم قبولهم والتحاقهم بالعمل.مؤشر عدد الأفراد الذين استغنوا عن خدمات الجمعية
A7: ع3 | B7: ع1-3 | C7: عدد المبادرات المنفذة لحماية الأسر من مسببات الفقر | D7: استراتيجي | E7: مبادرة | F7: كلما زاد كان أفضل | G7: ربع سنوي | H7: تقرير بالمبادرات المنفذة لحماية الأسر من مسببات الفقر | I7: إدارة التكافل المجتمعي | J7: 0 | K7: 7 | L7: 0 | N7: =IF(AND($T7="معتمد",$L7>0),$M7/$L7,"") | O7: =IF($T7="معتمد",$M7-$L7,"") | P7: =IF(AND($T7="معتمد",$L7>0),($M7-$L7)/$L7,"") | V7: =IF($T7<>"معتمد","",IFERROR((IF(AND($T7="معتمد",$L7>0),$M7,0))/(IF(AND($T7="معتمد",$L7>0),$L7,0)),"")) | W7: =IF(AND($T7="معتمد",$K7>0),(IF($T7="معتمد",$M7,0))/$K7,"") | X7: =A7&B7&C7&D7&E7&F7&G7&H7&I7&J7&K7&L7&M7&N7&O7&P7&Q7&R7&S7&T7&U7&V7&W7 -> ع3ع1-3عدد المبادرات المنفذة لحماية الأسر من مسببات الفقراستراتيجيمبادرةكلما زاد كان أفضلربع سنويتقرير بالمبادرات المنفذة لحماية الأسر من مسببات الفقرإدارة التكافل المجتمعي070
A8: ع3 | B8: ع2-3 | C8: عدد المستفيدين من المبادرات | D8: استراتيجي | E8: مستفيد | F8: كلما زاد كان أفضل | G8: ربع سنوي | H8: تقرير بالمبادرات المنفذة لحماية الأسر من مسببات الفقر، ونوعها وعدد المستفيدين في كل مبادرة | I8: إدارة التكافل المجتمعي | J8: 0 | K8: 40000 | L8: 11000 | N8: =IF(AND($T8="معتمد",$L8>0),$M8/$L8,"") | O8: =IF($T8="معتمد",$M8-$L8,"") | P8: =IF(AND($T8="معتمد",$L8>0),($M8-$L8)/$L8,"") | V8: =IF($T8<>"معتمد","",IFERROR((IF(AND($T8="معتمد",$L8>0),$M8,0))/(IF(AND($T8="معتمد",$L8>0),$L8,0)),"")) | W8: =IF(AND($T8="معتمد",$K8>0),(IF($T8="معتمد",$M8,0))/$K8,"") | X8: =A8&B8&C8&D8&E8&F8&G8&H8&I8&J8&K8&L8&M8&N8&O8&P8&Q8&R8&S8&T8&U8&V8&W8 -> ع3ع2-3عدد المستفيدين من المبادرات استراتيجيمستفيدكلما زاد كان أفضلربع سنويتقرير بالمبادرات المنفذة لحماية الأسر من مسببات الفقر، ونوعها وعدد المستفيدين في كل مبادرةإدارة التكافل المجتمعي04000011000 | AC8: رمزالهدف | AD8: رمزالمؤشر | AE8: اسم المؤشر | AF8: نوع المؤشر | AG8: وحدة القياس | AH8: الإتجاه | AI8: دورية القياس | AJ8: البيانات المطلوبة للقياس | AK8: الإدارة المالكة | AL8: خط الأساس | AM8: مستهدف عام 2026 | AN8: المستهدف للربع الأول | AO8: المتحقق الفعلي للربع الأول | AP8: نسبة الإنجاز Q1 | AQ8: قيمة الانحراف Q1 | AR8: نسبة الانحراف Q1 | AS8: ماذا حصل Q1؟ | AT8: كيف حصل Q1؟ | AU8: إرفاق شواهد Q1 | AV8: حالة الإعتماد | AW8: توصيات قسم الاستراتيجية | AX8: الأداء السنوي
A9: ع4 | B9: ع1-4 | C9: عدد مشاريع المشاركة المجتمعية التي نفذتها الجمعية | D9: استراتيجي | E9: مشروع | F9: كلما زاد كان أفضل | G9: ربع سنوي | H9: قائمة ببرامج المشاركة المجتمعية المنفذة | I9: إدارة التكافل المجتمعي | J9: 0 | K9: 7 | L9: 0 | M9: 5 | N9: =IF(AND($T9="معتمد",$L9>0),$M9/$L9,"") | O9: =IF($T9="معتمد",$M9-$L9,"") | P9: =IF(AND($T9="معتمد",$L9>0),($M9-$L9)/$L9,"") | Q9: تم خلال الربع الأول تنفيذ خمسة مشاريع نوعية (الإفطار السيار، زكاة الفطر، ابتلت العروق، إفطار أهالي القصيم، مبادرة الحي المتكافل)، حيث تم توزيع وجبات إفطار صائم عبر منافذ متعددة في الطرق والإشارات والمواقع الحيوية، إضافة إلى تقديم الإفطار في مخيم أهالي القصيم كجزء من نطاق المشروع، مما ساهم في خدمة شريحة واسعة من المستفيدين. كما تم جمع وتوزيع زكاة الفطر على المستحقين في الوقت الشرعي، مع تحقيق وصولها للفئات المستحقة بكفاءة. وفي جانب التكافل المجتمعي، تم ربط الأسر المتكافلة بالأسر المستفيدة لتوفير وجبات الإفطار، إضافة إلى إشراك المطاعم في دعم الأسر المحتاجة، مما عزز الأثر الاجتماعي ووسّع دائرة المستفيدين. | R9: تم تحقيق ذلك من خلال التخطيط المسبق وإعداد خطط تشغيلية واضحة لكل مشروع، مع تنظيم فرق العمل وتوزيع الأدوار بشكل دقيق، وتشغيل منافذ ونقاط توزيع ميدانية متعددة وفق آلية منظمة. كما تم تنفيذ العمل عبر عدة مسارات تكاملية، شملت: إدارة مواقع التوزيع، تجهيز مخيمات الإفطار، تنظيم عمليات استلام وتخزين وتوزيع زكاة الفطر، والتنسيق بين الأسر المتبرعة والأسر المستفيدة مع نقل الوجبات عبر المتطوعين، إضافة إلى بناء شراكات مع المطاعم لدعم الأسر المحتاجة. وقد دعمت هذه الجهود بمتابعة ميدانية مستمرة، وتنسيق فعّال مع الجهات المشاركة، مما أسهم في رفع جودة التنفيذ وتحقيق المستهدفات بكفاءة عالية | S9: https://alzaadsa-my.sharepoint.com/:f:/g/personal/pmo_alzaad_org_sa/IgDvFW9U-8gJTKea7hCXZCtxASzaXIeOtAqarTli4uSIAjc?e=kL9T17 | V9: =IF($T9<>"معتمد","",IFERROR((IF(AND($T9="معتمد",$L9>0),$M9,0))/(IF(AND($T9="معتمد",$L9>0),$L9,0)),"")) | W9: =IF(AND($T9="معتمد",$K9>0),(IF($T9="معتمد",$M9,0))/$K9,"") | X9: =A9&B9&C9&D9&E9&F9&G9&H9&I9&J9&K9&L9&M9&N9&O9&P9&Q9&R9&S9&T9&U9&V9&W9 -> ع4ع1-4عدد مشاريع المشاركة المجتمعية التي نفذتها الجمعيةاستراتيجيمشروعكلما زاد كان أفضلربع سنويقائمة ببرامج المشاركة المجتمعية المنفذةإدارة التكافل المجتمعي0705تم خلال الربع الأول تنفيذ خمسة مشاريع نوعية (الإفطار السيار، زكاة الفطر، ابتلت العروق، إفطار أهالي القصيم، مبادرة الحي المتكافل)، حيث تم توزيع وجبات إفطار صائم عبر منافذ متعددة في الطرق والإشارات والمواقع الحيوية، إضافة إلى تقديم الإفطار في مخيم أهالي القصيم كجزء من نطاق المشروع، مما ساهم في خدمة شريحة واسعة من المستفيدين. كما تم جمع وتوزيع زكاة الفطر على المستحقين في الوقت الشرعي، مع تحقيق وصولها للفئات المستحقة بكفاءة. وفي جانب التكافل المجتمعي، تم ربط الأسر المتكافلة بالأسر المستفيدة لتوفير وجبات الإفطار، إضافة إلى إشراك المطاعم في دعم الأسر المحتاجة، مما عزز الأثر الاجتماعي ووسّع دائرة المستفيدين.تم تحقيق ذلك من خلال التخطيط المسبق وإعداد خطط تشغيلية واضحة لكل مشروع، مع تنظيم فرق العمل وتوزيع الأدوار بشكل دقيق، وتشغيل منافذ ونقاط توزيع ميدانية متعددة وفق آلية منظمة. كما تم تنفيذ العمل عبر عدة مسارات تكاملية، شملت: إدارة مواقع التوزيع، تجهيز مخيمات الإفطار، تنظيم عمليات استلام وتخزين وتوزيع زكاة الفطر، والتنسيق بين الأسر المتبرعة والأسر المستفيدة مع نقل الوجبات عبر المتطوعين، إضافة إلى بناء شراكات مع المطاعم لدعم الأسر المحتاجة. وقد دعمت هذه الجهود بمتابعة ميدانية مستمرة، وتنسيق فعّال مع الجهات المشاركة، مما أسهم في رفع جودة التنفيذ وتحقيق المستهدفات بكفاءة عاليةhttps://alzaadsa-my.sharepoint.com/:f:/g/personal/pmo_alzaad_org_sa/IgDvFW9U-8gJTKea7hCXZCtxASzaXIeOtAqarTli4uSIAjc?e=kL9T17 | AB9: {=_xlfn._xlws.FILTER(الجدول4[],ISNUMBER(SEARCH(AA3,#REF!)),"غير موجود")} -> #VALUE! | AC9: #VALUE! | AD9: #VALUE! | AE9: #VALUE! | AF9: #VALUE! | AG9: #VALUE! | AH9: #VALUE! | AI9: #VALUE! | AJ9: #VALUE! | AK9: #VALUE! | AL9: #VALUE! | AM9: #VALUE! | AN9: #VALUE! | AO9: #VALUE! | AP9: #VALUE! | AQ9: #VALUE! | AR9: #VALUE! | AS9: #VALUE! | AT9: #VALUE! | AU9: #VALUE! | AV9: #VALUE! | AW9: #VALUE! | AX9: #VALUE! | AY9: د4د1-4عدد الشراكات الفاعلةشراكةكلما زاد كان أفضلربع سنويقائمة ببيانات الشراكات الفاعلة التي أقامتها الجمعيةإدارة الإتصال المؤسسي080250.125
B10: ع2-4 | C10: عدد المشاركين من المجتمع في برامج المشاركة المجتمعية | D10: استراتيجي | E10: مشارك | F10: كلما زاد كان أفضل | G10: ربع سنوي | H10: قائمة ببرامج المشاركة المجتمعية المنفذة وعدد المشاركين | I10: إدارة التكافل المجتمعي | J10: 0 | K10: 70000 | L10: 20000 | M10: 33205 | N10: =IF(AND($T10="معتمد",$L10>0),$M10/$L10,"") | O10: =IF($T10="معتمد",$M10-$L10,"") | P10: =IF(AND($T10="معتمد",$L10>0),($M10-$L10)/$L10,"") | Q10: شهدت مشاريع الربع الأول (زكاة الفطر، الإفطار السيار، ابتلت العروق، إفطار أهالي القصيم، مبادرة الحي المتكافل) مشاركة مجتمعية واسعة ومتنوعة، حيث أسهم في تنفيذها عدد كبير من المشاركين من فئات مختلفة. شملت هذه المشاركة: • المتطوعين: الذين شاركوا في جميع المشاريع، خصوصًا في التشغيل الميداني والتنظيم والتوزيع. • المزكّين: الذين أسهموا في مشروع زكاة الفطر من خلال إخراج زكواتهم عبر المنظومة. • الأسر المتكافلة: التي شاركت في مشروع ابتلت العروق عبر تقديم وجبات الإفطار للأسر المستفيدة. • أفراد المجتمع: الذين أسهموا بجهود مباشرة أو غير مباشرة في دعم وتنفيذ المبادرات. وقد انعكس هذا التنوع في المشاركين على تعزيز روح التكافل المجتمعي، ورفع مستوى التفاعل مع المشاريع، وزيادة أثرها وانتشارها | R10: تحقق هذا المستوى من المشاركة من خلال: • نشر الفرص وإتاحتها بوضوح: الإعلان عن المشاريع والفرص عبر القنوات الإعلامية، من خلال نشر المنشورات التعريفية والتوعوية التي عرّفت بالمبادرات وآليات المشاركة فيها. • تفعيل الحملات الإعلامية: الاستمرار في نشر المحتوى المرتبط بالمشاريع، مما ساهم في رفع الوعي وتحفيز المجتمع على الانخراط. • تيسير الوصول للفرص: إتاحة فرص التطوع والعمل المجتمعي والتكافل بشكل واضح ومنظم، بحيث يستطيع الفرد اختيار المسار المناسب له (متطوع، مزكّي، أسرة متكافلة). • تنوع مجالات المشاركة: تصميم المشاريع بحيث تشمل مجالات متعددة (ميدانية، مالية، تكافلية)، مما جذب شرائح مختلفة من المجتمع. • تعزيز مفهوم التكافل: إبراز نماذج المشاركة المجتمعية (مثل الأسر المتكافلة)، مما شجّع الآخرين على التفاعل والمساهمة. • التنظيم والمتابعة: إدارة المشاركين بآلية واضحة، مع متابعة مستمرة لضمان استمرارية المشاركة وجودتها | S10: https://alzaadsa-my.sharepoint.com/:f:/g/personal/pmo_alzaad_org_sa/IgCDUBH8AxwnR5n1t-a_pKQnAaAUFpeqYxzm1efcwfylJlc?e=zq4J83 | V10: =IF($T10<>"معتمد","",IFERROR((IF(AND($T10="معتمد",$L10>0),$M10,0))/(IF(AND($T10="معتمد",$L10>0),$L10,0)),"")) | W10: =IF(AND($T10="معتمد",$K10>0),(IF($T10="معتمد",$M10,0))/$K10,"") | X10: =A10&B10&C10&D10&E10&F10&G10&H10&I10&J10&K10&L10&M10&N10&O10&P10&Q10&R10&S10&T10&U10&V10&W10 -> ع2-4عدد المشاركين من المجتمع في برامج المشاركة المجتمعيةاستراتيجيمشارككلما زاد كان أفضلربع سنويقائمة ببرامج المشاركة المجتمعية المنفذة وعدد المشاركينإدارة التكافل المجتمعي0700002000033205شهدت مشاريع الربع الأول (زكاة الفطر، الإفطار السيار، ابتلت العروق، إفطار أهالي القصيم، مبادرة الحي المتكافل) مشاركة مجتمعية واسعة ومتنوعة، حيث أسهم في تنفيذها عدد كبير من المشاركين من فئات مختلفة. شملت هذه المشاركة: • المتطوعين: الذين شاركوا في جميع المشاريع، خصوصًا في التشغيل الميداني والتنظيم والتوزيع. • المزكّين: الذين أسهموا في مشروع زكاة الفطر من خلال إخراج زكواتهم عبر المنظومة. • الأسر المتكافلة: التي شاركت في مشروع ابتلت العروق عبر تقديم وجبات الإفطار للأسر المستفيدة. • أفراد المجتمع: الذين أسهموا بجهود مباشرة أو غير مباشرة في دعم وتنفيذ المبادرات. وقد انعكس هذا التنوع في المشاركين على تعزيز روح التكافل المجتمعي، ورفع مستوى التفاعل مع المشاريع، وزيادة أثرها وانتشارهاتحقق هذا المستوى من المشاركة من خلال: • نشر الفرص وإتاحتها بوضوح: الإعلان عن المشاريع والفرص عبر القنوات الإعلامية، من خلال نشر المنشورات التعريفية والتوعوية التي عرّفت بالمبادرات وآليات المشاركة فيها. • تفعيل الحملات الإعلامية: الاستمرار في نشر المحتوى المرتبط بالمشاريع، مما ساهم في رفع الوعي وتحفيز المجتمع على الانخراط. • تيسير الوصول للفرص: إتاحة فرص التطوع والعمل المجتمعي والتكافل بشكل واضح ومنظم، بحيث يستطيع الفرد اختيار المسار المناسب له (متطوع، مزكّي، أسرة متكافلة). • تنوع مجالات المشاركة: تصميم المشاريع بحيث تشمل مجالات متعددة (ميدانية، مالية، تكافلية)، مما جذب شرائح مختلفة من المجتمع. • تعزيز مفهوم التكافل: إبراز نماذج المشاركة المجتمعية (مثل الأسر المتكافلة)، مما شجّع الآخرين على التفاعل والمساهمة. • التنظيم والمتابعة: إدارة المشاركين بآلية واضحة، مع متابعة مستمرة لضمان استمرارية المشاركة وجودتهاhttps://alzaadsa-my.sharepoint.com/:f:/g/personal/pmo_alzaad_org_sa/IgCDUBH8AxwnR5n1t-a_pKQnAaAUFpeqYxzm1efcwfylJlc?e=zq4J83
A11: م1 | B11: م1-1 | C11: صافي أرباح المصادر الثابتة | D11: استراتيجي | E11: ريال | F11: كلما زاد كان أفضل | G11: ربع سنوي | H11: تقرير مالي بالإيرادات والمصروفات المالية للجمعية | I11: إدارة الشؤون المالية و الإدارية | J11: 0 | K11: 1500000 | L11: 300000 | M11: 175718.91 | N11: =IF(AND($T11="معتمد",$L11>0),$M11/$L11,"") | O11: =IF($T11="معتمد",$M11-$L11,"") | P11: =IF(AND($T11="معتمد",$L11>0),($M11-$L11)/$L11,"") | Q11: تحصيل إدارة االأملاك من قبل المستأجرين مقابل استئجارهم | R11: أعمال ترميم طارئة لعقار وقف المنتزه بقيمة (86,250 ريال) متأخرات (68,500) | S11: https://alzaadsa-my.sharepoint.com/:f:/g/personal/pmo_alzaad_org_sa/IgB58WHETVQ_Q4DgceOIZzkCAQUMWuQqZPxBrs7NtLkrCWk?e=dMWBUU | V11: =IF($T11<>"معتمد","",IFERROR((IF(AND($T11="معتمد",$L11>0),$M11,0))/(IF(AND($T11="معتمد",$L11>0),$L11,0)),"")) | W11: =IF(AND($T11="معتمد",$K11>0),(IF($T11="معتمد",$M11,0))/$K11,"") | X11: =A11&B11&C11&D11&E11&F11&G11&H11&I11&J11&K11&L11&M11&N11&O11&P11&Q11&R11&S11&T11&U11&V11&W11 -> م1م1-1صافي أرباح المصادر الثابتةاستراتيجيريالكلما زاد كان أفضلربع سنويتقرير مالي بالإيرادات والمصروفات المالية للجمعيةإدارة الشؤون المالية و الإدارية01500000300000175718.91تحصيل إدارة االأملاك من قبل المستأجرين مقابل استئجارهم أعمال ترميم طارئة لعقار وقف المنتزه بقيمة (86,250 ريال) متأخرات (68,500) https://alzaadsa-my.sharepoint.com/:f:/g/personal/pmo_alzaad_org_sa/IgB58WHETVQ_Q4DgceOIZzkCAQUMWuQqZPxBrs7NtLkrCWk?e=dMWBUU
A12: م1 | B12: م2-1 | C12: صافي أرباح الاستثمارات | D12: استراتيجي | E12: ريال | F12: كلما زاد كان أفضل | G12: ربع سنوي | H12: تقرير بإيرادات ومصروفات الإستثمارات المالية | I12: إدارة الإستدامة | J12: 0 | K12: 10350000 | L12: 0 | N12: =IF(AND($T12="معتمد",$L12>0),$M12/$L12,"") | O12: =IF($T12="معتمد",$M12-$L12,"") | P12: =IF(AND($T12="معتمد",$L12>0),($M12-$L12)/$L12,"") | V12: =IF($T12<>"معتمد","",IFERROR((IF(AND($T12="معتمد",$L12>0),$M12,0))/(IF(AND($T12="معتمد",$L12>0),$L12,0)),"")) | W12: =IF(AND($T12="معتمد",$K12>0),(IF($T12="معتمد",$M12,0))/$K12,"") | X12: =A12&B12&C12&D12&E12&F12&G12&H12&I12&J12&K12&L12&M12&N12&O12&P12&Q12&R12&S12&T12&U12&V12&W12 -> م1م2-1صافي أرباح الاستثماراتاستراتيجيريالكلما زاد كان أفضلربع سنويتقرير بإيرادات ومصروفات الإستثمارات الماليةإدارة الإستدامة0103500000
A13: م2 | B13: م1-2 | C13: عدد مصادر الدخل (الجديدة) | D13: استراتيجي | E13: مصدر دخل | F13: كلما زاد كان أفضل | G13: ربع سنوي | H13: تقرير بمصادر الدخل الجديدة وإيراداتها | I13: إدارة الإتصال المؤسسي | J13: 0 | K13: 1 | L13: 0 | M13: 0 | N13: =IF(AND($T13="معتمد",$L13>0),$M13/$L13,"") | O13: =IF($T13="معتمد",$M13-$L13,"") | P13: =IF(AND($T13="معتمد",$L13>0),($M13-$L13)/$L13,"") | Q13: لا يوجد لهذا الربع | R13: لا يوجد لهذا الربع | V13: =IF($T13<>"معتمد","",IFERROR((IF(AND($T13="معتمد",$L13>0),$M13,0))/(IF(AND($T13="معتمد",$L13>0),$L13,0)),"")) | W13: =IF(AND($T13="معتمد",$K13>0),(IF($T13="معتمد",$M13,0))/$K13,"") | X13: =A13&B13&C13&D13&E13&F13&G13&H13&I13&J13&K13&L13&M13&N13&O13&P13&Q13&R13&S13&T13&U13&V13&W13 -> م2م1-2عدد مصادر الدخل (الجديدة)استراتيجيمصدر دخلكلما زاد كان أفضلربع سنويتقرير بمصادر الدخل الجديدة وإيراداتهاإدارة الإتصال المؤسسي0100لا يوجد لهذا الربعلا يوجد لهذا الربع
A14: م2 | B14: م2-2 | C14: إجمالي الإيرادات من مصادر الدخل الجديدة | D14: استراتيجي | E14: ريال | F14: كلما زاد كان أفضل | G14: ربع سنوي | H14: تقرير مالي بالإيرادات المالية للجمعية | I14: إدارة الإتصال المؤسسي | J14: 0 | K14: 50000 | L14: 0 | M14: 0 | N14: =IF(AND($T14="معتمد",$L14>0),$M14/$L14,"") | O14: =IF($T14="معتمد",$M14-$L14,"") | P14: =IF(AND($T14="معتمد",$L14>0),($M14-$L14)/$L14,"") | Q14: لا يوجد لهذا الربع | R14: لا يوجد لهذا الربع | V14: =IF($T14<>"معتمد","",IFERROR((IF(AND($T14="معتمد",$L14>0),$M14,0))/(IF(AND($T14="معتمد",$L14>0),$L14,0)),"")) | W14: =IF(AND($T14="معتمد",$K14>0),(IF($T14="معتمد",$M14,0))/$K14,"") | X14: =A14&B14&C14&D14&E14&F14&G14&H14&I14&J14&K14&L14&M14&N14&O14&P14&Q14&R14&S14&T14&U14&V14&W14 -> م2م2-2إجمالي الإيرادات من مصادر الدخل الجديدةاستراتيجيريالكلما زاد كان أفضلربع سنويتقرير مالي بالإيرادات المالية للجمعيةإدارة الإتصال المؤسسي05000000لا يوجد لهذا الربعلا يوجد لهذا الربع
A15: م2 | B15: م3-2 | C15: إجمالي التبرعات | D15: استراتيجي | E15: ريال | F15: كلما زاد كان أفضل | G15: ربع سنوي | H15: تقرير مالي بالتبرعات في الفترة الحالية والفترة السابقة | I15: إدارة الإتصال المؤسسي | J15: 0 | K15: 0 | L15: 0 | N15: =IF(AND($T15="معتمد",$L15>0),$M15/$L15,"") | O15: =IF($T15="معتمد",$M15-$L15,"") | P15: =IF(AND($T15="معتمد",$L15>0),($M15-$L15)/$L15,"") | Q15: المالية | R15: المالية | V15: =IF($T15<>"معتمد","",IFERROR((IF(AND($T15="معتمد",$L15>0),$M15,0))/(IF(AND($T15="معتمد",$L15>0),$L15,0)),"")) | W15: =IF(AND($T15="معتمد",$K15>0),(IF($T15="معتمد",$M15,0))/$K15,"") | X15: =A15&B15&C15&D15&E15&F15&G15&H15&I15&J15&K15&L15&M15&N15&O15&P15&Q15&R15&S15&T15&U15&V15&W15 -> م2م3-2إجمالي التبرعاتاستراتيجيريالكلما زاد كان أفضلربع سنويتقرير مالي بالتبرعات في الفترة الحالية والفترة السابقةإدارة الإتصال المؤسسي000الماليةالمالية
A16: د1 | B16: د1-1 | C16: عدد البرامج المبتكرة التي تم تصميمها | D16: استراتيجي | E16: برامج | F16: كلما زاد كان أفضل | G16: ربع سنوي | H16: قائمة بالبرامج التي صممتها الجمعية | I16: إدارة الرعاية و التمكين،إدارة التكافل المجتمعي | J16: 0 | K16: 14 | L16: 5 | M16: 2 | N16: =IF(AND($T16="معتمد",$L16>0),$M16/$L16,"") | O16: =IF($T16="معتمد",$M16-$L16,"") | P16: =IF(AND($T16="معتمد",$L16>0),($M16-$L16)/$L16,"") | Q16: أولاً:تم العمل على برنامج مسيرة التعليم كبرنامج مبتكر يهدف إلى اكتشاف مهارات ومواهب الأبناء من الأسر المستفيدة، حيث تم بناء وثيقة المشروع و اختيار مرشد مهني مناسب ، كما تم حصر الطلاب الموهوبين وإعداد ملفات إنجاز خاصة بهم تمهيدًا لتنمية مهاراتهم واستثمارها. ثانياً:تم العمل على إعداد وثيقة المشروع وخطة تنفيذية متكاملة لإقامة عيد الزاد بطريقة مبتكرة خلال هذا العام ، كما تم ربط عدد ( 30 ) اسرة من الاسر المستفيدة في الافطار الرمضاني لـــ مركز سواعد و أفكار للتدريب . | R16: اولاً:تم ذلك بدءًا من دراسة الاحتياج السنوي، ثم حصر الأبناء الذين لديهم مؤشرات للموهبة من خلال استبيانات مخصصة، تلاها التواصل مع كل موهوب وبناء ملف إنجاز خاص به يتضمن معلوماته ومجالات موهبته. كما عُقدت عدة اجتماعات مع عدد من المرشدين المهنيين لاختيار المرشد المناسب لتنفيذ البرنامج ودعم الأبناء في اكتشاف مهاراتهم وتنميتها. ثانياً:تم بناء وثيقة المشروع من خلال تحديد الأهداف والمخرجات والأنشطة، وجمع البيانات اللازمة، كما تم إعداد خطة تنفيذية متكاملة للقاء عيد الزاد تضمنت تحديد الفئة المستهدفة، والبرامج المصاحبة، والاحتياجات اللوجستية، واختيار القاعات المناسبة، بما يضمن تنفيذ اللقاء بطريقة مبتكرة. | S16: مؤشر عدد البرامج المبتكرة التي تم تصميمها | V16: =IF($T16<>"معتمد","",IFERROR((IF(AND($T16="معتمد",$L16>0),$M16,0))/(IF(AND($T16="معتمد",$L16>0),$L16,0)),"")) | W16: =IF(AND($T16="معتمد",$K16>0),(IF($T16="معتمد",$M16,0))/$K16,"") | X16: =A16&B16&C16&D16&E16&F16&G16&H16&I16&J16&K16&L16&M16&N16&O16&P16&Q16&R16&S16&T16&U16&V16&W16 -> د1د1-1عدد البرامج المبتكرة التي تم تصميمهااستراتيجيبرامجكلما زاد كان أفضلربع سنويقائمة بالبرامج التي صممتها الجمعيةإدارة الرعاية و التمكين،إدارة التكافل المجتمعي01452أولاً:تم العمل على برنامج مسيرة التعليم كبرنامج مبتكر يهدف إلى اكتشاف مهارات ومواهب الأبناء من الأسر المستفيدة، حيث تم بناء وثيقة المشروع و اختيار مرشد مهني مناسب ، كما تم حصر الطلاب الموهوبين وإعداد ملفات إنجاز خاصة بهم تمهيدًا لتنمية مهاراتهم واستثمارها. ثانياً:تم العمل على إعداد وثيقة المشروع وخطة تنفيذية متكاملة لإقامة عيد الزاد بطريقة مبتكرة خلال هذا العام ، كما تم ربط عدد ( 30 ) اسرة من الاسر المستفيدة في الافطار الرمضاني لـــ مركز سواعد و أفكار للتدريب .اولاً:تم ذلك بدءًا من دراسة الاحتياج السنوي، ثم حصر الأبناء الذين لديهم مؤشرات للموهبة من خلال استبيانات مخصصة، تلاها التواصل مع كل موهوب وبناء ملف إنجاز خاص به يتضمن معلوماته ومجالات موهبته. كما عُقدت عدة اجتماعات مع عدد من المرشدين المهنيين لاختيار المرشد المناسب لتنفيذ البرنامج ودعم الأبناء في اكتشاف مهاراتهم وتنميتها. ثانياً:تم بناء وثيقة المشروع من خلال تحديد الأهداف والمخرجات والأنشطة، وجمع البيانات اللازمة، كما تم إعداد خطة تنفيذية متكاملة للقاء عيد الزاد تضمنت تحديد الفئة المستهدفة، والبرامج المصاحبة، والاحتياجات اللوجستية، واختيار القاعات المناسبة، بما يضمن تنفيذ اللقاء بطريقة مبتكرة.مؤشر عدد البرامج المبتكرة التي تم تصميمها
A17: د1 | B17: د2-1 | C17: عدد الخدمات المبتكرة التي تم تصميمها | D17: استراتيجي | E17: خدمة | F17: كلما زاد كان أفضل | G17: ربع سنوي | H17: قائمة بالخدمات التي صممتها الجمعية | I17: إدارة الرعاية و التمكين،إدارة التكافل المجتمعي | J17: 0 | K17: 18 | L17: 5 | M17: 2 | N17: =IF(AND($T17="معتمد",$L17>0),$M17/$L17,"") | O17: =IF($T17="معتمد",$M17-$L17,"") | P17: =IF(AND($T17="معتمد",$L17>0),($M17-$L17)/$L17,"") | Q17: أولاً:تم إطلاق خدمة مبتكرة لربط الخريجين بالمرشد المهني، بهدف متابعة مسارهم التدريبي والمهني بشكل فردي وضمان توافق مهاراتهم مع الفرص المتاحة. ثانياً:تم اعداد خدمة التقارير الفردية لكل مشترك/ة في برنامج غِراس، والذي تضمن تقييم الحالة قبل و بعد المشاركة و مستوى التحسن و الأثر المتحقق على المشترك/ة. | R17: اولاً:تم ذلك من خلال التعاقد مع مرشد مهني متخصص، وحصر الدفعة الأولى من الخريجين بعدد ( 10 ) للربط المباشر بالمرشد، لضمان متابعة مسارهم التدريبي والمهني بشكل فردي وفعّال. ثانياً:تم ذلك عبر نماذج متابعة تزود للأكاديمات الشريكة و يتم متابعتها من قِبل فريق التمكين لضمان متابعة دقيقة وموثوقة للأثر . | S17: مؤشر عدد الخدمات المبتكرة التي تم تصميمها | V17: =IF($T17<>"معتمد","",IFERROR((IF(AND($T17="معتمد",$L17>0),$M17,0))/(IF(AND($T17="معتمد",$L17>0),$L17,0)),"")) | W17: =IF(AND($T17="معتمد",$K17>0),(IF($T17="معتمد",$M17,0))/$K17,"") | X17: =A17&B17&C17&D17&E17&F17&G17&H17&I17&J17&K17&L17&M17&N17&O17&P17&Q17&R17&S17&T17&U17&V17&W17 -> د1د2-1عدد الخدمات المبتكرة التي تم تصميمهااستراتيجيخدمةكلما زاد كان أفضلربع سنويقائمة بالخدمات التي صممتها الجمعيةإدارة الرعاية و التمكين،إدارة التكافل المجتمعي01852أولاً:تم إطلاق خدمة مبتكرة لربط الخريجين بالمرشد المهني، بهدف متابعة مسارهم التدريبي والمهني بشكل فردي وضمان توافق مهاراتهم مع الفرص المتاحة. ثانياً:تم اعداد خدمة التقارير الفردية لكل مشترك/ة في برنامج غِراس، والذي تضمن تقييم الحالة قبل و بعد المشاركة و مستوى التحسن و الأثر المتحقق على المشترك/ة.اولاً:تم ذلك من خلال التعاقد مع مرشد مهني متخصص، وحصر الدفعة الأولى من الخريجين بعدد ( 10 ) للربط المباشر بالمرشد، لضمان متابعة مسارهم التدريبي والمهني بشكل فردي وفعّال. ثانياً:تم ذلك عبر نماذج متابعة تزود للأكاديمات الشريكة و يتم متابعتها من قِبل فريق التمكين لضمان متابعة دقيقة وموثوقة للأثر .مؤشر عدد الخدمات المبتكرة التي تم تصميمها
A18: د2 | B18: د1-2 | C18: نسبة مصاريف البرامج والأنشطة إلى إجمالي المصاريف | D18: استراتيجي | E18: نسبة | F18: كلما زاد كان أفضل | G18: ربع سنوي | H18: تقرير مالي موضح فيه جميع المصروفات (المصروفات الإدارية والعمومية، مصروفات النشاط) | I18: إدارة الشؤون المالية و الإدارية | J18: 0 | K18: 0.85 | L18: 0.8 | N18: =IF(AND($T18="معتمد",$L18>0),$M18/$L18,"") | O18: =IF($T18="معتمد",$M18-$L18,"") | P18: =IF(AND($T18="معتمد",$L18>0),($M18-$L18)/$L18,"") | V18: =IF($T18<>"معتمد","",IFERROR((IF(AND($T18="معتمد",$L18>0),$M18,0))/(IF(AND($T18="معتمد",$L18>0),$L18,0)),"")) | W18: =IF(AND($T18="معتمد",$K18>0),(IF($T18="معتمد",$M18,0))/$K18,"") | X18: =A18&B18&C18&D18&E18&F18&G18&H18&I18&J18&K18&L18&M18&N18&O18&P18&Q18&R18&S18&T18&U18&V18&W18 -> د2د1-2نسبة مصاريف البرامج والأنشطة إلى إجمالي المصاريفاستراتيجينسبةكلما زاد كان أفضلربع سنويتقرير مالي موضح فيه جميع المصروفات (المصروفات الإدارية والعمومية، مصروفات النشاط)إدارة الشؤون المالية و الإدارية00.850.8
A19: د2 | B19: د2-2 | C19: عدد العمليات التي تم تجويدها (تطويرها) | D19: استراتيجي | E19: عملية | F19: كلما زاد كان أفضل | G19: ربع سنوي | H19: قائمة بالعمليات المطورة وبيان التطوير الذي تم عليها وتاريخ التطوير والإعتماد | I19: إدارة الشؤون المالية و الإدارية،إدارة الأداء و النمو | J19: 0 | K19: 1 | L19: 0 | N19: =IF(AND($T19="معتمد",$L19>0),$M19/$L19,"") | O19: =IF($T19="معتمد",$M19-$L19,"") | P19: =IF(AND($T19="معتمد",$L19>0),($M19-$L19)/$L19,"") | V19: =IF($T19<>"معتمد","",IFERROR((IF(AND($T19="معتمد",$L19>0),$M19,0))/(IF(AND($T19="معتمد",$L19>0),$L19,0)),"")) | W19: =IF(AND($T19="معتمد",$K19>0),(IF($T19="معتمد",$M19,0))/$K19,"") | X19: =A19&B19&C19&D19&E19&F19&G19&H19&I19&J19&K19&L19&M19&N19&O19&P19&Q19&R19&S19&T19&U19&V19&W19 -> د2د2-2عدد العمليات التي تم تجويدها (تطويرها)استراتيجيعمليةكلما زاد كان أفضلربع سنويقائمة بالعمليات المطورة وبيان التطوير الذي تم عليها وتاريخ التطوير والإعتمادإدارة الشؤون المالية و الإدارية،إدارة الأداء و النمو010
A20: د3 | B20: د1-3 | C20: نسبة نضج واستدامة البيئة التقنية | D20: استراتيجي | E20: نسبة | F20: كلما زاد كان أفضل | G20: ربع سنوي | H20: تقرير بالعمليات | I20: إدارة الشؤون المالية و الإدارية | J20: 0 | K20: 1 | L20: 0.95 | N20: =IF(AND($T20="معتمد",$L20>0),$M20/$L20,"") | O20: =IF($T20="معتمد",$M20-$L20,"") | P20: =IF(AND($T20="معتمد",$L20>0),($M20-$L20)/$L20,"") | V20: =IF($T20<>"معتمد","",IFERROR((IF(AND($T20="معتمد",$L20>0),$M20,0))/(IF(AND($T20="معتمد",$L20>0),$L20,0)),"")) | W20: =IF(AND($T20="معتمد",$K20>0),(IF($T20="معتمد",$M20,0))/$K20,"") | X20: =A20&B20&C20&D20&E20&F20&G20&H20&I20&J20&K20&L20&M20&N20&O20&P20&Q20&R20&S20&T20&U20&V20&W20 -> د3د1-3نسبة نضج واستدامة البيئة التقنيةاستراتيجينسبةكلما زاد كان أفضلربع سنويتقرير بالعملياتإدارة الشؤون المالية و الإدارية010.95
A21: د3 | B21: د2-3 | C21: نسبة العمليات التي تم تطويرها وفق معايير الجودة المعتمدة | D21: استراتيجي | E21: نسبة | F21: كلما زاد كان أفضل | G21: ربع سنوي | H21: تقرير بالعمليات | I21: إدارة الشؤون المالية و الإدارية | J21: 0 | K21: 0.8 | L21: 0.5 | N21: =IF(AND($T21="معتمد",$L21>0),$M21/$L21,"") | O21: =IF($T21="معتمد",$M21-$L21,"") | P21: =IF(AND($T21="معتمد",$L21>0),($M21-$L21)/$L21,"") | V21: =IF($T21<>"معتمد","",IFERROR((IF(AND($T21="معتمد",$L21>0),$M21,0))/(IF(AND($T21="معتمد",$L21>0),$L21,0)),"")) | W21: =IF(AND($T21="معتمد",$K21>0),(IF($T21="معتمد",$M21,0))/$K21,"") | X21: =A21&B21&C21&D21&E21&F21&G21&H21&I21&J21&K21&L21&M21&N21&O21&P21&Q21&R21&S21&T21&U21&V21&W21 -> د3د2-3نسبة العمليات التي تم تطويرها وفق معايير الجودة المعتمدةاستراتيجينسبةكلما زاد كان أفضلربع سنويتقرير بالعملياتإدارة الشؤون المالية و الإدارية00.80.5
A22: د4 | B22: د1-4 | C22: عدد الشراكات الفاعلة | D22: استراتيجي | E22: شراكة | F22: كلما زاد كان أفضل | G22: ربع سنوي | H22: قائمة ببيانات الشراكات الفاعلة التي أقامتها الجمعية | I22: إدارة الإتصال المؤسسي | J22: 0 | K22: 80 | L22: 25 | M22: 27 | N22: =IF(AND($T22="معتمد",$L22>0),$M22/$L22,"") | O22: =IF($T22="معتمد",$M22-$L22,"") | P22: =IF(AND($T22="معتمد",$L22>0),($M22-$L22)/$L22,"") | Q22: تجاوز المستهدف، حيث تم تحقيق 27 شراكة فاعلة مقابل 25 شراكة مستهدفة | R22: بسبب تكثيف جهود تفعيل الشراكات القائمة، وعقد شراكات جديدة خلال الفترة، مما أسهم في تجاوز المستهدف. | S22: https://alzaadsa-my.sharepoint.com/:x:/g/personal/pmo_alzaad_org_sa/IQB7vy07ymgcRJU2sFCDjBzTAeGhMft73-1Z23WQxuOkdHA?e=koPBpN | V22: =IF($T22<>"معتمد","",IFERROR((IF(AND($T22="معتمد",$L22>0),$M22,0))/(IF(AND($T22="معتمد",$L22>0),$L22,0)),"")) | W22: =IF(AND($T22="معتمد",$K22>0),(IF($T22="معتمد",$M22,0))/$K22,"") | X22: =A22&B22&C22&D22&E22&F22&G22&H22&I22&J22&K22&L22&M22&N22&O22&P22&Q22&R22&S22&T22&U22&V22&W22 -> د4د1-4عدد الشراكات الفاعلةاستراتيجيشراكةكلما زاد كان أفضلربع سنويقائمة ببيانات الشراكات الفاعلة التي أقامتها الجمعيةإدارة الإتصال المؤسسي0802527تجاوز المستهدف، حيث تم تحقيق 27 شراكة فاعلة مقابل 25 شراكة مستهدفةبسبب تكثيف جهود تفعيل الشراكات القائمة، وعقد شراكات جديدة خلال الفترة، مما أسهم في تجاوز المستهدف.https://alzaadsa-my.sharepoint.com/:x:/g/personal/pmo_alzaad_org_sa/IQB7vy07ymgcRJU2sFCDjBzTAeGhMft73-1Z23WQxuOkdHA?e=koPBpN
A23: د4 | B23: د2-4 | C23: عدد الزيارات المنفذة للشركاء وأصحاب المصلحة | D23: استراتيجي | E23: عدد | F23: كلما زاد كان أفضل | G23: ربع سنوي | H23: قائمة بالشركاء وأصحاب المصلحة الذين تم التواصل معهم بأسمائهم أو أوصافهم )مثال: قاعدة بيانات الواتس – شركاء منافذ( موضح بها العدد ووسيلة التواصل) | I23: إدارة الإتصال المؤسسي | J23: 0 | K23: 52 زيارة،4 عمليات تواصل | L23: 24 | N23: =IF(AND($T23="معتمد",$L23>0),$M23/$L23,"") | O23: =IF($T23="معتمد",$M23-$L23,"") | P23: =IF(AND($T23="معتمد",$L23>0),($M23-$L23)/$L23,"") | S23: https://alzaadsa-my.sharepoint.com/:x:/g/personal/yousefalmuaiouf_alzaad_org_sa/IQAQ2zUsxLyKRqWVoDs908tUAbjUVPVsKrm86YCwYspPbEk?e=8Nntxp | V23: =IF($T23<>"معتمد","",IFERROR((IF(AND($T23="معتمد",$L23>0),$M23,0))/(IF(AND($T23="معتمد",$L23>0),$L23,0)),"")) | W23: =IF(AND($T23="معتمد",$K23>0),(IF($T23="معتمد",$M23,0))/$K23,"") | X23: =A23&B23&C23&D23&E23&F23&G23&H23&I23&J23&K23&L23&M23&N23&O23&P23&Q23&R23&S23&T23&U23&V23&W23 -> د4د2-4عدد الزيارات المنفذة للشركاء وأصحاب المصلحة استراتيجيعددكلما زاد كان أفضلربع سنويقائمة بالشركاء وأصحاب المصلحة الذين تم التواصل معهم بأسمائهم أو أوصافهم )مثال: قاعدة بيانات الواتس – شركاء منافذ( موضح بها العدد ووسيلة التواصل)إدارة الإتصال المؤسسي052 زيارة،4 عمليات تواصل24https://alzaadsa-my.sharepoint.com/:x:/g/personal/yousefalmuaiouf_alzaad_org_sa/IQAQ2zUsxLyKRqWVoDs908tUAbjUVPVsKrm86YCwYspPbEk?e=8Nntxp
A24: د4 | B24: د3-4 | C24: نسبة رضا أصحاب المصلحة عن الجمعية | D24: استراتيجي | E24: نسبة | F24: كلما زاد كان أفضل | G24: ربع سنوي | H24: إستمارات قياس رضا أصحاب المصلحة عن الجمعية | I24: إدارة الإتصال المؤسسي | J24: 0 | K24: 0.94 | L24: 0 | M24: قياس نصفي | N24: =IF(AND($T24="معتمد",$L24>0),$M24/$L24,"") | O24: =IF($T24="معتمد",$M24-$L24,"") | P24: =IF(AND($T24="معتمد",$L24>0),($M24-$L24)/$L24,"") | V24: =IF($T24<>"معتمد","",IFERROR((IF(AND($T24="معتمد",$L24>0),$M24,0))/(IF(AND($T24="معتمد",$L24>0),$L24,0)),"")) | W24: =IF(AND($T24="معتمد",$K24>0),(IF($T24="معتمد",$M24,0))/$K24,"") | X24: =A24&B24&C24&D24&E24&F24&G24&H24&I24&J24&K24&L24&M24&N24&O24&P24&Q24&R24&S24&T24&U24&V24&W24 -> د4د3-4نسبة رضا أصحاب المصلحة عن الجمعيةاستراتيجينسبةكلما زاد كان أفضلربع سنويإستمارات قياس رضا أصحاب المصلحة عن الجمعيةإدارة الإتصال المؤسسي00.940قياس نصفي
A25: د5 | B25: د1-5 | C25: عدد المشاركات الإعلامية التي تخدم أهداف الجمعية | D25: استراتيجي | E25: مشاركة إعلامية | F25: كلما زاد كان أفضل | G25: ربع سنوي | H25: تقرير بالمشاركات الإعلامية التي نشرتها الجمعية | I25: إدارة الإتصال المؤسسي | J25: 0 | K25: 200 | L25: 70 | M25: 77 | N25: =IF(AND($T25="معتمد",$L25>0),$M25/$L25,"") | O25: =IF($T25="معتمد",$M25-$L25,"") | P25: =IF(AND($T25="معتمد",$L25>0),($M25-$L25)/$L25,"") | Q25: تجاوز المستهدف | R25: بسبب كثرة البرامج والتقارير و تعدد منصات النشر | S25: https://alzaadsa-my.sharepoint.com/:x:/g/personal/pmo_alzaad_org_sa/IQDo-smBxou5RJXMyGYglAzCAaF2cTSRecZdS3gFJmFPBUk?e=BB1ZKd | V25: =IF($T25<>"معتمد","",IFERROR((IF(AND($T25="معتمد",$L25>0),$M25,0))/(IF(AND($T25="معتمد",$L25>0),$L25,0)),"")) | W25: =IF(AND($T25="معتمد",$K25>0),(IF($T25="معتمد",$M25,0))/$K25,"") | X25: =A25&B25&C25&D25&E25&F25&G25&H25&I25&J25&K25&L25&M25&N25&O25&P25&Q25&R25&S25&T25&U25&V25&W25 -> د5د1-5عدد المشاركات الإعلامية التي تخدم أهداف الجمعيةاستراتيجيمشاركة إعلاميةكلما زاد كان أفضلربع سنويتقرير بالمشاركات الإعلامية التي نشرتها الجمعيةإدارة الإتصال المؤسسي02007077تجاوز المستهدف بسبب كثرة البرامج والتقارير و تعدد منصات النشر https://alzaadsa-my.sharepoint.com/:x:/g/personal/pmo_alzaad_org_sa/IQDo-smBxou5RJXMyGYglAzCAaF2cTSRecZdS3gFJmFPBUk?e=BB1ZKd
A26: د5 | B26: د2-5 | C26: عدد مرات الظهور الإعلامي (المشاهدات) | D26: استراتيجي | E26: مشاهدة | F26: كلما زاد كان أفضل | G26: ربع سنوي | H26: تقرير بالمشاهدات للمشاركات الإعلامية، بتوضيح كل قناة وعدد المشاهدات / الظهور فيها | I26: إدارة الإتصال المؤسسي | J26: 0 | K26: 5000000 | L26: 2500000 | M26: 891,001 | N26: =IF(AND($T26="معتمد",$L26>0),$M26/$L26,"") | O26: =IF($T26="معتمد",$M26-$L26,"") | P26: =IF(AND($T26="معتمد",$L26>0),($M26-$L26)/$L26,"") | Q26: أقل من المستهدف | R26: الرقم جيد ولكن المستهدف كبير | S26: https://alzaadsa-my.sharepoint.com/:x:/g/personal/pmo_alzaad_org_sa/IQBUK_2ZwxVnSJVTBIzV_hsZAXgJc30bu00sFkZ6RSRG_-M?e=rvEBgA | V26: =IF($T26<>"معتمد","",IFERROR((IF(AND($T26="معتمد",$L26>0),$M26,0))/(IF(AND($T26="معتمد",$L26>0),$L26,0)),"")) | W26: =IF(AND($T26="معتمد",$K26>0),(IF($T26="معتمد",$M26,0))/$K26,"") | X26: =A26&B26&C26&D26&E26&F26&G26&H26&I26&J26&K26&L26&M26&N26&O26&P26&Q26&R26&S26&T26&U26&V26&W26 -> د5د2-5عدد مرات الظهور الإعلامي (المشاهدات) استراتيجيمشاهدةكلما زاد كان أفضلربع سنويتقرير بالمشاهدات للمشاركات الإعلامية، بتوضيح كل قناة وعدد المشاهدات / الظهور فيهاإدارة الإتصال المؤسسي050000002500000891,001 أقل من المستهدف الرقم جيد ولكن المستهدف كبيرhttps://alzaadsa-my.sharepoint.com/:x:/g/personal/pmo_alzaad_org_sa/IQBUK_2ZwxVnSJVTBIzV_hsZAXgJc30bu00sFkZ6RSRG_-M?e=rvEBgA
A27: د5 | B27: د3-5 | C27: عدد قنوات الظهور الإعلامي | D27: استراتيجي | E27: قناة | F27: كلما زاد كان أفضل | G27: ربع سنوي | H27: قائمة بالقنوات الإعلامية | I27: إدارة الإتصال المؤسسي | J27: 0 | K27: 20 | L27: 20 | M27: 26 | N27: =IF(AND($T27="معتمد",$L27>0),$M27/$L27,"") | O27: =IF($T27="معتمد",$M27-$L27,"") | P27: =IF(AND($T27="معتمد",$L27>0),($M27-$L27)/$L27,"") | Q27: أكثر من المستهدف | R27: وجود برامج ومبادرت جلبت قنوات ظهور جديدة | S27: https://alzaadsa-my.sharepoint.com/:x:/g/personal/pmo_alzaad_org_sa/IQCu-MV0BSBXQaE85-rKFY1DARFC1aDayyX5MG4joqFuHJA?e=N3ZOlw | V27: =IF($T27<>"معتمد","",IFERROR((IF(AND($T27="معتمد",$L27>0),$M27,0))/(IF(AND($T27="معتمد",$L27>0),$L27,0)),"")) | W27: =IF(AND($T27="معتمد",$K27>0),(IF($T27="معتمد",$M27,0))/$K27,"") | X27: =A27&B27&C27&D27&E27&F27&G27&H27&I27&J27&K27&L27&M27&N27&O27&P27&Q27&R27&S27&T27&U27&V27&W27 -> د5د3-5عدد قنوات الظهور الإعلامياستراتيجيقناةكلما زاد كان أفضلربع سنويقائمة بالقنوات الإعلاميةإدارة الإتصال المؤسسي0202026أكثر من المستهدفوجود برامج ومبادرت جلبت قنوات ظهور جديدة https://alzaadsa-my.sharepoint.com/:x:/g/personal/pmo_alzaad_org_sa/IQCu-MV0BSBXQaE85-rKFY1DARFC1aDayyX5MG4joqFuHJA?e=N3ZOlw
A28: ن1 | B28: ن1-1 | C28: متوسط عدد الساعات التطويرية المقدمة للفرد | D28: استراتيجي | E28: ساعة | F28: كلما زاد كان أفضل | G28: ربع سنوي | H28: تقرير بالساعات التطويرية المقدمة لموظفي الجمعية ونوع التطوير المقدم | I28: إدارة الأداء و النمو | J28: 0 | K28: 50 | L28: 10 | N28: =IF(AND($T28="معتمد",$L28>0),$M28/$L28,"") | O28: =IF($T28="معتمد",$M28-$L28,"") | P28: =IF(AND($T28="معتمد",$L28>0),($M28-$L28)/$L28,"") | V28: =IF($T28<>"معتمد","",IFERROR((IF(AND($T28="معتمد",$L28>0),$M28,0))/(IF(AND($T28="معتمد",$L28>0),$L28,0)),"")) | W28: =IF(AND($T28="معتمد",$K28>0),(IF($T28="معتمد",$M28,0))/$K28,"") | X28: =A28&B28&C28&D28&E28&F28&G28&H28&I28&J28&K28&L28&M28&N28&O28&P28&Q28&R28&S28&T28&U28&V28&W28 -> ن1ن1-1متوسط عدد الساعات التطويرية المقدمة للفرداستراتيجيساعةكلما زاد كان أفضلربع سنويتقرير بالساعات التطويرية المقدمة لموظفي الجمعية ونوع التطوير المقدمإدارة الأداء و النمو05010
A29: ن1 | B29: ن2-1 | C29: نسبة الموظفين المؤهلين مهنيًا في وظائفهم | D29: استراتيجي | E29: نسبة | F29: كلما زاد كان أفضل | G29: ربع سنوي | H29: تقرير بالموظفين الحاصلين على التأهيل وخطط الإحتياج المهني لهم | I29: إدارة الأداء و النمو | J29: 0 | K29: 0.65 | L29: 0.45 | N29: =IF(AND($T29="معتمد",$L29>0),$M29/$L29,"") | O29: =IF($T29="معتمد",$M29-$L29,"") | P29: =IF(AND($T29="معتمد",$L29>0),($M29-$L29)/$L29,"") | V29: =IF($T29<>"معتمد","",IFERROR((IF(AND($T29="معتمد",$L29>0),$M29,0))/(IF(AND($T29="معتمد",$L29>0),$L29,0)),"")) | W29: =IF(AND($T29="معتمد",$K29>0),(IF($T29="معتمد",$M29,0))/$K29,"") | X29: =A29&B29&C29&D29&E29&F29&G29&H29&I29&J29&K29&L29&M29&N29&O29&P29&Q29&R29&S29&T29&U29&V29&W29 -> ن1ن2-1نسبة الموظفين المؤهلين مهنيًا في وظائفهماستراتيجينسبةكلما زاد كان أفضلربع سنويتقرير بالموظفين الحاصلين على التأهيل وخطط الإحتياج المهني لهمإدارة الأداء و النمو00.650.45
A30: ن2 | B30: ن1-2 | C30: عدد المتطوعين في أعمال وبرامج الجمعية (بدون تكرار) | D30: استراتيجي | E30: متطوع | F30: كلما زاد كان أفضل | G30: ربع سنوي | H30: تقرير بأسماء المشاريع أو البرامج التي شارك فيها متطوعون وعددهم + تقرير بالمتطوعين المشاركين في إدارات الجمعية | I30: إدارة التكافل المجتمعي | J30: 0 | K30: 2500 | L30: 1300 | M30: 968 | N30: =IF(AND($T30="معتمد",$L30>0),$M30/$L30,"") | O30: =IF($T30="معتمد",$M30-$L30,"") | P30: =IF(AND($T30="معتمد",$L30>0),($M30-$L30)/$L30,"") | Q30: تم تسجيل (968) متطوعًا في أعمال وبرامج الجمعية خلال الربع الأول من عام 2026، بدون تكرار، وهو ما يمثل نسبة تحقق بلغت (38.7%) من المستهدف السنوي البالغ (2500) متطوع. | R30: من خلال تفعيل منصة التطوع وتسجيل المتطوعين في برامج الجمعية المختلفة، وحصر أسماء المتطوعين المشاركين في إدارات الجمعية وبرامجها، وإعداد تقرير موحد بأسماء المشاريع والبرامج التي شارك فيها متطوعون وعددهم بدون تكرار. | S30: https://alzaadsa-my.sharepoint.com/:x:/g/personal/fatimahalfahhad_alzaad_org_sa/IQAn5SLQ8esGR4bRNysz8R17AZJZE6_VY_rFI-8WfuEWaSw?e=WbIIKZ | V30: =IF($T30<>"معتمد","",IFERROR((IF(AND($T30="معتمد",$L30>0),$M30,0))/(IF(AND($T30="معتمد",$L30>0),$L30,0)),"")) | W30: =IF(AND($T30="معتمد",$K30>0),(IF($T30="معتمد",$M30,0))/$K30,"") | X30: =A30&B30&C30&D30&E30&F30&G30&H30&I30&J30&K30&L30&M30&N30&O30&P30&Q30&R30&S30&T30&U30&V30&W30 -> ن2ن1-2عدد المتطوعين في أعمال وبرامج الجمعية (بدون تكرار)استراتيجيمتطوعكلما زاد كان أفضلربع سنويتقرير بأسماء المشاريع أو البرامج التي شارك فيها متطوعون وعددهم + تقرير بالمتطوعين المشاركين في إدارات الجمعيةإدارة التكافل المجتمعي025001300968تم تسجيل (968) متطوعًا في أعمال وبرامج الجمعية خلال الربع الأول من عام 2026، بدون تكرار، وهو ما يمثل نسبة تحقق بلغت (38.7%) من المستهدف السنوي البالغ (2500) متطوع.من خلال تفعيل منصة التطوع وتسجيل المتطوعين في برامج الجمعية المختلفة، وحصر أسماء المتطوعين المشاركين في إدارات الجمعية وبرامجها، وإعداد تقرير موحد بأسماء المشاريع والبرامج التي شارك فيها متطوعون وعددهم بدون تكرار.https://alzaadsa-my.sharepoint.com/:x:/g/personal/fatimahalfahhad_alzaad_org_sa/IQAn5SLQ8esGR4bRNysz8R17AZJZE6_VY_rFI-8WfuEWaSw?e=WbIIKZ
A31: ن2 | B31: ن2-2 | C31: عدد الساعات التطوعية | D31: استراتيجي | E31: ساعة | F31: كلما زاد كان أفضل | G31: ربع سنوي | H31: تقرير بالساعات التطوعية التي تم تسجيلها منصة التطوع + (من لم تنطبق عليه الشروط) | I31: إدارة التكافل المجتمعي | J31: 0 | K31: 70000 | L31: 32000 | M31: 47274 | N31: =IF(AND($T31="معتمد",$L31>0),$M31/$L31,"") | O31: =IF($T31="معتمد",$M31-$L31,"") | P31: =IF(AND($T31="معتمد",$L31>0),($M31-$L31)/$L31,"") | Q31: تم تسجيل (47274) ساعة تطوعية خلال الربع الأول من عام 2026، وهو ما يمثل نسبة تحقق بلغت (62.3%) من المستهدف للربع الأول البالغ (32,000) ساعة، وتجاوز المستهدف الربعي بفارق (15,274) ساعة. | R31: من خلال تسجيل الساعات التطوعية عبر منصة التطوع الرسمية، وإضافة ساعات المتطوعين الذين لم تنطبق عليهم شروط المنصة يدويًا، وتجميع التقارير الدورية من الإدارات والبرامج المختلفة لاستخراج إجمالي الساعات التطوعية المنجزة خلال الربع الأول. | S31: https://alzaadsa-my.sharepoint.com/:x:/g/personal/fatimahalfahhad_alzaad_org_sa/IQAn5SLQ8esGR4bRNysz8R17AZJZE6_VY_rFI-8WfuEWaSw?e=WbIIKZ | V31: =IF($T31<>"معتمد","",IFERROR((IF(AND($T31="معتمد",$L31>0),$M31,0))/(IF(AND($T31="معتمد",$L31>0),$L31,0)),"")) | W31: =IF(AND($T31="معتمد",$K31>0),(IF($T31="معتمد",$M31,0))/$K31,"") | X31: =A31&B31&C31&D31&E31&F31&G31&H31&I31&J31&K31&L31&M31&N31&O31&P31&Q31&R31&S31&T31&U31&V31&W31 -> ن2ن2-2عدد الساعات التطوعيةاستراتيجيساعةكلما زاد كان أفضلربع سنويتقرير بالساعات التطوعية التي تم تسجيلها منصة التطوع + (من لم تنطبق عليه الشروط)إدارة التكافل المجتمعي0700003200047274تم تسجيل (47274) ساعة تطوعية خلال الربع الأول من عام 2026، وهو ما يمثل نسبة تحقق بلغت (62.3%) من المستهدف للربع الأول البالغ (32,000) ساعة، وتجاوز المستهدف الربعي بفارق (15,274) ساعة.من خلال تسجيل الساعات التطوعية عبر منصة التطوع الرسمية، وإضافة ساعات المتطوعين الذين لم تنطبق عليهم شروط المنصة يدويًا، وتجميع التقارير الدورية من الإدارات والبرامج المختلفة لاستخراج إجمالي الساعات التطوعية المنجزة خلال الربع الأول.https://alzaadsa-my.sharepoint.com/:x:/g/personal/fatimahalfahhad_alzaad_org_sa/IQAn5SLQ8esGR4bRNysz8R17AZJZE6_VY_rFI-8WfuEWaSw?e=WbIIKZ
A32: ن3 | B32: ن1-3 | C32: نسبة رضا العاملين عن بيئة العمل | D32: استراتيجي | E32: نسبة | F32: كلما زاد كان أفضل | G32: ربع سنوي | H32: إستمارات قياس رضا العاملين | I32: إدارة الأداء و النمو | J32: 0 | K32: 0.88 | L32: 0.85 | N32: =IF(AND($T32="معتمد",$L32>0),$M32/$L32,"") | O32: =IF($T32="معتمد",$M32-$L32,"") | P32: =IF(AND($T32="معتمد",$L32>0),($M32-$L32)/$L32,"") | V32: =IF($T32<>"معتمد","",IFERROR((IF(AND($T32="معتمد",$L32>0),$M32,0))/(IF(AND($T32="معتمد",$L32>0),$L32,0)),"")) | W32: =IF(AND($T32="معتمد",$K32>0),(IF($T32="معتمد",$M32,0))/$K32,"") | X32: =A32&B32&C32&D32&E32&F32&G32&H32&I32&J32&K32&L32&M32&N32&O32&P32&Q32&R32&S32&T32&U32&V32&W32 -> ن3ن1-3نسبة رضا العاملين عن بيئة العمل استراتيجينسبةكلما زاد كان أفضلربع سنويإستمارات قياس رضا العاملينإدارة الأداء و النمو00.880.85
A33: ن3 | B33: ن2-3 | C33: إجمالي تكلفة المبادرات التحفيزية للعاملين | D33: استراتيجي | E33: ريال | F33: كلما زاد كان أفضل | G33: ربع سنوي | H33: تقرير بالمبادرات المنفذة لتحفيز العاملين وتكاليفها المالية | I33: إدارة الأداء و النمو | J33: 0 | K33: 70000 | L33: 20000 | M33: 77086.92 | N33: =IF(AND($T33="معتمد",$L33>0),$M33/$L33,"") | O33: =IF($T33="معتمد",$M33-$L33,"") | P33: =IF(AND($T33="معتمد",$L33>0),($M33-$L33)/$L33,"") | Q33: تم إرفاق مبادرتين لتحفيز الموظفين، | R33: من خلال مبادرتين هما: 1- الخروج المبكر خلال يوم الترحيب بعد العودة للعمل: تهدف هذه المبادرة إلى خلق أجواء إيجابية عند استئناف العمل وتعزيز الحماس لدى الموظفين. 2-تقليص ساعات العمل بساعتين خلال شهر رمضان: تأتي هذه المبادرة تقديرًا لخصوصية الشهر الكريم، ولتحفيز الموظفين على زيادة الإنتاجية وتحقيق الإنجاز بكفاءة أعلى. | S33: https://alzaadsa-my.sharepoint.com/:b:/g/personal/hr_alzaad_org_sa/IQAlUTY_UAvAQqcveKOafJ-4AV02mymy2VpW1OOvfhUsIyc?e=5pjBts | V33: =IF($T33<>"معتمد","",IFERROR((IF(AND($T33="معتمد",$L33>0),$M33,0))/(IF(AND($T33="معتمد",$L33>0),$L33,0)),"")) | W33: =IF(AND($T33="معتمد",$K33>0),(IF($T33="معتمد",$M33,0))/$K33,"") | X33: =A33&B33&C33&D33&E33&F33&G33&H33&I33&J33&K33&L33&M33&N33&O33&P33&Q33&R33&S33&T33&U33&V33&W33 -> ن3ن2-3إجمالي تكلفة المبادرات التحفيزية للعاملين استراتيجيريالكلما زاد كان أفضلربع سنويتقرير بالمبادرات المنفذة لتحفيز العاملين وتكاليفها الماليةإدارة الأداء و النمو0700002000077086.92تم إرفاق مبادرتين لتحفيز الموظفين،من خلال مبادرتين هما: 1- الخروج المبكر خلال يوم الترحيب بعد العودة للعمل: تهدف هذه المبادرة إلى خلق أجواء إيجابية عند استئناف العمل وتعزيز الحماس لدى الموظفين. 2-تقليص ساعات العمل بساعتين خلال شهر رمضان: تأتي هذه المبادرة تقديرًا لخصوصية الشهر الكريم، ولتحفيز الموظفين على زيادة الإنتاجية وتحقيق الإنجاز بكفاءة أعلى.https://alzaadsa-my.sharepoint.com/:b:/g/personal/hr_alzaad_org_sa/IQAlUTY_UAvAQqcveKOafJ-4AV02mymy2VpW1OOvfhUsIyc?e=5pjBts
A34: ن4 | B34: ن1-4 | C34: نسبة إكتمال اللوائح والسياسات | D34: استراتيجي | E34: لائحة،سياسة | F34: كلما زاد كان أفضل | G34: ربع سنوي | H34: قائمة باللوائح المعتمدة للبناء مع توضيح المنجز منها | I34: جميع الإدارات | J34: 0 | K34: 1 | L34: 1 | N34: =IF(AND($T34="معتمد",$L34>0),$M34/$L34,"") | O34: =IF($T34="معتمد",$M34-$L34,"") | P34: =IF(AND($T34="معتمد",$L34>0),($M34-$L34)/$L34,"") | V34: =IF($T34<>"معتمد","",IFERROR((IF(AND($T34="معتمد",$L34>0),$M34,0))/(IF(AND($T34="معتمد",$L34>0),$L34,0)),"")) | W34: =IF(AND($T34="معتمد",$K34>0),(IF($T34="معتمد",$M34,0))/$K34,"") | X34: =A34&B34&C34&D34&E34&F34&G34&H34&I34&J34&K34&L34&M34&N34&O34&P34&Q34&R34&S34&T34&U34&V34&W34 -> ن4ن1-4نسبة إكتمال اللوائح والسياساتاستراتيجيلائحة،سياسةكلما زاد كان أفضلربع سنويقائمة باللوائح المعتمدة للبناء مع توضيح المنجز منهاجميع الإدارات011
A35: ن4 | B35: ن2-4 | C35: الدرجة المتحصلة في معايير الحوكمة | D35: استراتيجي | E35: درجة | F35: كلما زاد كان أفضل | G35: سنوي | H35: تقرير قياس المعيار | I35: إدارة الأداء و النمو | J35: 0 | K35: 1 | L35: 1 | N35: =IF(AND($T35="معتمد",$L35>0),$M35/$L35,"") | O35: =IF($T35="معتمد",$M35-$L35,"") | P35: =IF(AND($T35="معتمد",$L35>0),($M35-$L35)/$L35,"") | V35: =IF($T35<>"معتمد","",IFERROR((IF(AND($T35="معتمد",$L35>0),$M35,0))/(IF(AND($T35="معتمد",$L35>0),$L35,0)),"")) | W35: =IF(AND($T35="معتمد",$K35>0),(IF($T35="معتمد",$M35,0))/$K35,"") | X35: =A35&B35&C35&D35&E35&F35&G35&H35&I35&J35&K35&L35&M35&N35&O35&P35&Q35&R35&S35&T35&U35&V35&W35 -> ن4ن2-4الدرجة المتحصلة في معايير الحوكمةاستراتيجيدرجةكلما زاد كان أفضلسنويتقرير قياس المعيارإدارة الأداء و النمو011
A36: ن5 | B36: ن1-5 | C36: عدد المبادرات المنفذة في تطوير إدارة المعرفة | D36: استراتيجي | E36: مبادرة | F36: كلما زاد كان أفضل | G36: ربع سنوي | H36: قائمة بمبادرات إدارة المعرفة المنفذة | I36: إدارة الشؤون المالية و الإدارية،إدارة الأداء و النمو | J36: 0 | K36: 4 | L36: 0 | N36: =IF(AND($T36="معتمد",$L36>0),$M36/$L36,"") | O36: =IF($T36="معتمد",$M36-$L36,"") | P36: =IF(AND($T36="معتمد",$L36>0),($M36-$L36)/$L36,"") | V36: =IF($T36<>"معتمد","",IFERROR((IF(AND($T36="معتمد",$L36>0),$M36,0))/(IF(AND($T36="معتمد",$L36>0),$L36,0)),"")) | W36: =IF(AND($T36="معتمد",$K36>0),(IF($T36="معتمد",$M36,0))/$K36,"") | X36: =A36&B36&C36&D36&E36&F36&G36&H36&I36&J36&K36&L36&M36&N36&O36&P36&Q36&R36&S36&T36&U36&V36&W36 -> ن5ن1-5عدد المبادرات المنفذة في تطوير إدارة المعرفةاستراتيجيمبادرةكلما زاد كان أفضلربع سنويقائمة بمبادرات إدارة المعرفة المنفذةإدارة الشؤون المالية و الإدارية،إدارة الأداء و النمو040
A37: FIN-01 | B37: FIN-01-KPI-01 | C37: نسبة إشغال العقارات الاستثمارية | D37: تشغيلي | E37: نسبة | F37: كلما زاد كان أفضل | G37: ربع سنوي | H37: سجل الأوقاف | I37: إدارة الشؤون المالية و الإدارية | J37: 0 | K37: 30 | L37: 3 | N37: =IF(AND($T37="معتمد",$L37>0),$M37/$L37,"") | O37: =IF($T37="معتمد",$M37-$L37,"") | P37: =IF(AND($T37="معتمد",$L37>0),($M37-$L37)/$L37,"") | V37: =IF($T37<>"معتمد","",IFERROR((IF(AND($T37="معتمد",$L37>0),$M37,0))/(IF(AND($T37="معتمد",$L37>0),$L37,0)),"")) | W37: =IF(AND($T37="معتمد",$K37>0),(IF($T37="معتمد",$M37,0))/$K37,"") | X37: =A37&B37&C37&D37&E37&F37&G37&H37&I37&J37&K37&L37&M37&N37&O37&P37&Q37&R37&S37&T37&U37&V37&W37 -> FIN-01FIN-01-KPI-01نسبة إشغال العقارات الاستثماريةتشغيلينسبةكلما زاد كان أفضلربع سنويسجل الأوقافإدارة الشؤون المالية و الإدارية0303
A38: FIN-02 | B38: FIN-02-KPI-01 | C38: نسبة تحصيل المستحقات المالية | D38: تشغيلي | E38: نسبة | G38: ربع سنوي | H38: سجل الإيرادات | I38: إدارة الشؤون المالية و الإدارية | J38: 0 | K38: 100000 | L38: 20000 | N38: =IF(AND($T38="معتمد",$L38>0),$M38/$L38,"") | O38: =IF($T38="معتمد",$M38-$L38,"") | P38: =IF(AND($T38="معتمد",$L38>0),($M38-$L38)/$L38,"") | V38: =IF($T38<>"معتمد","",IFERROR((IF(AND($T38="معتمد",$L38>0),$M38,0))/(IF(AND($T38="معتمد",$L38>0),$L38,0)),"")) | W38: =IF(AND($T38="معتمد",$K38>0),(IF($T38="معتمد",$M38,0))/$K38,"") | X38: =A38&B38&C38&D38&E38&F38&G38&H38&I38&J38&K38&L38&M38&N38&O38&P38&Q38&R38&S38&T38&U38&V38&W38 -> FIN-02FIN-02-KPI-01نسبة تحصيل المستحقات الماليةتشغيلينسبةربع سنويسجل الإيرادات إدارة الشؤون المالية و الإدارية010000020000
A39: GOV-01 | B39: GOV-01-KPI-01 | C39: نسبة الالتزام بزمن تقديم الاستشارات القانونية | D39: تشغيلي | E39: نسبة | F39: كلما زاد كان أفضل | G39: ربع سنوي | H39: سجل يحتوي على طلبات الإستشارات | I39: إدارة الشؤون المالية و الإدارية | J39: 0 | K39: 0 | L39: 0 | N39: =IF(AND($T39="معتمد",$L39>0),$M39/$L39,"") | O39: =IF($T39="معتمد",$M39-$L39,"") | P39: =IF(AND($T39="معتمد",$L39>0),($M39-$L39)/$L39,"") | V39: =IF($T39<>"معتمد","",IFERROR((IF(AND($T39="معتمد",$L39>0),$M39,0))/(IF(AND($T39="معتمد",$L39>0),$L39,0)),"")) | W39: =IF(AND($T39="معتمد",$K39>0),(IF($T39="معتمد",$M39,0))/$K39,"") | X39: =A39&B39&C39&D39&E39&F39&G39&H39&I39&J39&K39&L39&M39&N39&O39&P39&Q39&R39&S39&T39&U39&V39&W39 -> GOV-01GOV-01-KPI-01نسبة الالتزام بزمن تقديم الاستشارات القانونيةتشغيلينسبةكلما زاد كان أفضلربع سنويسجل يحتوي على طلبات الإستشاراتإدارة الشؤون المالية و الإدارية000
A40: OPS-01 | B40: OPS-01-KPI-01 | C40: نسبة دقة سجلات المخزون | D40: تشغيلي | E40: نسبة | F40: كلما زاد كان أفضل | G40: ربع سنوي | H40: نموذج الجرد | I40: إدارة الشؤون المالية و الإدارية | J40: 0 | K40: 12 | L40: 3 | N40: =IF(AND($T40="معتمد",$L40>0),$M40/$L40,"") | O40: =IF($T40="معتمد",$M40-$L40,"") | P40: =IF(AND($T40="معتمد",$L40>0),($M40-$L40)/$L40,"") | V40: =IF($T40<>"معتمد","",IFERROR((IF(AND($T40="معتمد",$L40>0),$M40,0))/(IF(AND($T40="معتمد",$L40>0),$L40,0)),"")) | W40: =IF(AND($T40="معتمد",$K40>0),(IF($T40="معتمد",$M40,0))/$K40,"") | X40: =A40&B40&C40&D40&E40&F40&G40&H40&I40&J40&K40&L40&M40&N40&O40&P40&Q40&R40&S40&T40&U40&V40&W40 -> OPS-01OPS-01-KPI-01نسبة دقة سجلات المخزونتشغيلينسبةكلما زاد كان أفضلربع سنوينموذج الجرد إدارة الشؤون المالية و الإدارية0123
A41: FIN-02 | B41: FIN-02-KPI-02 | C41: متوسط مدة معالجة الطلبات المالية | D41: تشغيلي | E41: نسبة | F41: كلما زاد كان أفضل | G41: ربع سنوي | H41: طلبات الصرف المالي في نظام خير | I41: إدارة الشؤون المالية و الإدارية | J41: 0 | K41: 0 | L41: 0 | N41: =IF(AND($T41="معتمد",$L41>0),$M41/$L41,"") | O41: =IF($T41="معتمد",$M41-$L41,"") | P41: =IF(AND($T41="معتمد",$L41>0),($M41-$L41)/$L41,"") | V41: =IF($T41<>"معتمد","",IFERROR((IF(AND($T41="معتمد",$L41>0),$M41,0))/(IF(AND($T41="معتمد",$L41>0),$L41,0)),"")) | W41: =IF(AND($T41="معتمد",$K41>0),(IF($T41="معتمد",$M41,0))/$K41,"") | X41: =A41&B41&C41&D41&E41&F41&G41&H41&I41&J41&K41&L41&M41&N41&O41&P41&Q41&R41&S41&T41&U41&V41&W41 -> FIN-02FIN-02-KPI-02متوسط مدة معالجة الطلبات الماليةتشغيلينسبةكلما زاد كان أفضلربع سنويطلبات الصرف المالي في نظام خير إدارة الشؤون المالية و الإدارية000
A42: FIN-03 | B42: FIN-03-KPI-01 | C42: نسبة الالتزام بمعيار السلامة المالية | D42: تشغيلي | E42: نسبة | F42: كلما زاد كان أفضل | G42: ربع سنوي | H42: إعتماد المركز للقوائم | I42: إدارة الشؤون المالية و الإدارية | J42: 0 | K42: 0 | L42: 0 | N42: =IF(AND($T42="معتمد",$L42>0),$M42/$L42,"") | O42: =IF($T42="معتمد",$M42-$L42,"") | P42: =IF(AND($T42="معتمد",$L42>0),($M42-$L42)/$L42,"") | V42: =IF($T42<>"معتمد","",IFERROR((IF(AND($T42="معتمد",$L42>0),$M42,0))/(IF(AND($T42="معتمد",$L42>0),$L42,0)),"")) | W42: =IF(AND($T42="معتمد",$K42>0),(IF($T42="معتمد",$M42,0))/$K42,"") | X42: =A42&B42&C42&D42&E42&F42&G42&H42&I42&J42&K42&L42&M42&N42&O42&P42&Q42&R42&S42&T42&U42&V42&W42 -> FIN-03FIN-03-KPI-01نسبة الالتزام بمعيار السلامة الماليةتشغيلينسبةكلما زاد كان أفضلربع سنويإعتماد المركز للقوائم إدارة الشؤون المالية و الإدارية000
A43: FIN-04 | B43: FIN-04-KPI-01 | C43: الالتزام بإعداد وعرض التقرير المالي الربعي | D43: تشغيلي | E43: عدد | F43: كلما زاد كان أفضل | G43: ربع سنوي | H43: عرض التقرير في إجتماع الادارات | I43: إدارة الشؤون المالية و الإدارية | J43: 0 | K43: 4 | L43: 1 | N43: =IF(AND($T43="معتمد",$L43>0),$M43/$L43,"") | O43: =IF($T43="معتمد",$M43-$L43,"") | P43: =IF(AND($T43="معتمد",$L43>0),($M43-$L43)/$L43,"") | V43: =IF($T43<>"معتمد","",IFERROR((IF(AND($T43="معتمد",$L43>0),$M43,0))/(IF(AND($T43="معتمد",$L43>0),$L43,0)),"")) | W43: =IF(AND($T43="معتمد",$K43>0),(IF($T43="معتمد",$M43,0))/$K43,"") | X43: =A43&B43&C43&D43&E43&F43&G43&H43&I43&J43&K43&L43&M43&N43&O43&P43&Q43&R43&S43&T43&U43&V43&W43 -> FIN-04FIN-04-KPI-01الالتزام بإعداد وعرض التقرير المالي الربعيتشغيليعددكلما زاد كان أفضلربع سنويعرض التقرير في إجتماع الادارات إدارة الشؤون المالية و الإدارية041
A44: IT-01 | B44: IT-01-KPI-01 | C44: متوسط زمن إغلاق الطلبات | D44: تشغيلي | E44: عدد | F44: كلما زاد كان أفضل | G44: ربع سنوي | H44: مسار الطلبات في نظام خير | I44: إدارة الشؤون المالية و الإدارية | J44: 0 | K44: 2 | L44: 3.5 | N44: =IF(AND($T44="معتمد",$L44>0),$M44/$L44,"") | O44: =IF($T44="معتمد",$M44-$L44,"") | P44: =IF(AND($T44="معتمد",$L44>0),($M44-$L44)/$L44,"") | V44: =IF($T44<>"معتمد","",IFERROR((IF(AND($T44="معتمد",$L44>0),$M44,0))/(IF(AND($T44="معتمد",$L44>0),$L44,0)),"")) | W44: =IF(AND($T44="معتمد",$K44>0),(IF($T44="معتمد",$M44,0))/$K44,"") | X44: =A44&B44&C44&D44&E44&F44&G44&H44&I44&J44&K44&L44&M44&N44&O44&P44&Q44&R44&S44&T44&U44&V44&W44 -> IT-01IT-01-KPI-01متوسط زمن إغلاق الطلباتتشغيليعددكلما زاد كان أفضلربع سنويمسار الطلبات في نظام خيرإدارة الشؤون المالية و الإدارية023.5
A45: IT-01 | B45: IT-01-KPI-02 | C45: نسبة الطلبات التقنية المغلقة | D45: تشغيلي | E45: نسبة | F45: كلما زاد كان أفضل | G45: ربع سنوي | H45: تقرير الطلبات | I45: إدارة الشؤون المالية و الإدارية | J45: 0 | K45: 0.85 | L45: 0.7 | N45: =IF(AND($T45="معتمد",$L45>0),$M45/$L45,"") | O45: =IF($T45="معتمد",$M45-$L45,"") | P45: =IF(AND($T45="معتمد",$L45>0),($M45-$L45)/$L45,"") | V45: =IF($T45<>"معتمد","",IFERROR((IF(AND($T45="معتمد",$L45>0),$M45,0))/(IF(AND($T45="معتمد",$L45>0),$L45,0)),"")) | W45: =IF(AND($T45="معتمد",$K45>0),(IF($T45="معتمد",$M45,0))/$K45,"") | X45: =A45&B45&C45&D45&E45&F45&G45&H45&I45&J45&K45&L45&M45&N45&O45&P45&Q45&R45&S45&T45&U45&V45&W45 -> IT-01IT-01-KPI-02نسبة الطلبات التقنية المغلقةتشغيلينسبةكلما زاد كان أفضلربع سنويتقرير الطلبات إدارة الشؤون المالية و الإدارية00.850.7
A46: IT-02 | B46: IT-02-KPI-01 | C46: معدل تكرار الطلبات التقنية لنفس الطلب | D46: تشغيلي | E46: نسبة | F46: كلما زاد كان أفضل | G46: ربع سنوي | H46: تقرير الطلبات | I46: إدارة الشؤون المالية و الإدارية | J46: 0 | K46: 0.15 | L46: 0.25 | N46: =IF(AND($T46="معتمد",$L46>0),$M46/$L46,"") | O46: =IF($T46="معتمد",$M46-$L46,"") | P46: =IF(AND($T46="معتمد",$L46>0),($M46-$L46)/$L46,"") | V46: =IF($T46<>"معتمد","",IFERROR((IF(AND($T46="معتمد",$L46>0),$M46,0))/(IF(AND($T46="معتمد",$L46>0),$L46,0)),"")) | W46: =IF(AND($T46="معتمد",$K46>0),(IF($T46="معتمد",$M46,0))/$K46,"") | X46: =A46&B46&C46&D46&E46&F46&G46&H46&I46&J46&K46&L46&M46&N46&O46&P46&Q46&R46&S46&T46&U46&V46&W46 -> IT-02IT-02-KPI-01معدل تكرار الطلبات التقنية لنفس الطلب تشغيلينسبةكلما زاد كان أفضلربع سنويتقرير الطلبات إدارة الشؤون المالية و الإدارية00.150.25
A47: IT-01 | B47: IT-01-KPI-03 | C47: مستوى رضا الموظفين عن الخدمات التقنية | D47: تشغيلي | E47: نسبة | F47: كلما زاد كان أفضل | G47: ربع سنوي | H47: تقريرجودة الخدمات | I47: إدارة الشؤون المالية و الإدارية | J47: 0 | K47: 0.85 | L47: 0.7 | N47: =IF(AND($T47="معتمد",$L47>0),$M47/$L47,"") | O47: =IF($T47="معتمد",$M47-$L47,"") | P47: =IF(AND($T47="معتمد",$L47>0),($M47-$L47)/$L47,"") | V47: =IF($T47<>"معتمد","",IFERROR((IF(AND($T47="معتمد",$L47>0),$M47,0))/(IF(AND($T47="معتمد",$L47>0),$L47,0)),"")) | W47: =IF(AND($T47="معتمد",$K47>0),(IF($T47="معتمد",$M47,0))/$K47,"") | X47: =A47&B47&C47&D47&E47&F47&G47&H47&I47&J47&K47&L47&M47&N47&O47&P47&Q47&R47&S47&T47&U47&V47&W47 -> IT-01IT-01-KPI-03مستوى رضا الموظفين عن الخدمات التقنيةتشغيلينسبةكلما زاد كان أفضلربع سنويتقريرجودة الخدماتإدارة الشؤون المالية و الإدارية00.850.7
A48: IT-01 | B48: IT-01-KPI-04 | C48: نسبة معالجة الطلبات من أول مرة | D48: تشغيلي | E48: نسبة | F48: كلما زاد كان أفضل | G48: ربع سنوي | H48: تقريرجودة الخدمات | I48: إدارة الشؤون المالية و الإدارية | J48: 0 | K48: 0.85 | L48: 0.7 | N48: =IF(AND($T48="معتمد",$L48>0),$M48/$L48,"") | O48: =IF($T48="معتمد",$M48-$L48,"") | P48: =IF(AND($T48="معتمد",$L48>0),($M48-$L48)/$L48,"") | V48: =IF($T48<>"معتمد","",IFERROR((IF(AND($T48="معتمد",$L48>0),$M48,0))/(IF(AND($T48="معتمد",$L48>0),$L48,0)),"")) | W48: =IF(AND($T48="معتمد",$K48>0),(IF($T48="معتمد",$M48,0))/$K48,"") | X48: =A48&B48&C48&D48&E48&F48&G48&H48&I48&J48&K48&L48&M48&N48&O48&P48&Q48&R48&S48&T48&U48&V48&W48 -> IT-01IT-01-KPI-04نسبة معالجة الطلبات من أول مرةتشغيلينسبةكلما زاد كان أفضلربع سنويتقريرجودة الخدماتإدارة الشؤون المالية و الإدارية00.850.7
A49: IT-01 | B49: IT-01-KPI-05 | C49: عدد الشكاوى التقنية المتكررة | D49: تشغيلي | E49: عدد | F49: كلما زاد كان أفضل | G49: ربع سنوي | H49: تقريرجودة الخدمات | I49: إدارة الشؤون المالية و الإدارية | J49: 0 | K49: 3 | L49: 15 | N49: =IF(AND($T49="معتمد",$L49>0),$M49/$L49,"") | O49: =IF($T49="معتمد",$M49-$L49,"") | P49: =IF(AND($T49="معتمد",$L49>0),($M49-$L49)/$L49,"") | V49: =IF($T49<>"معتمد","",IFERROR((IF(AND($T49="معتمد",$L49>0),$M49,0))/(IF(AND($T49="معتمد",$L49>0),$L49,0)),"")) | W49: =IF(AND($T49="معتمد",$K49>0),(IF($T49="معتمد",$M49,0))/$K49,"") | X49: =A49&B49&C49&D49&E49&F49&G49&H49&I49&J49&K49&L49&M49&N49&O49&P49&Q49&R49&S49&T49&U49&V49&W49 -> IT-01IT-01-KPI-05عدد الشكاوى التقنية المتكررةتشغيليعددكلما زاد كان أفضلربع سنويتقريرجودة الخدماتإدارة الشؤون المالية و الإدارية0315
A50: IT-02 | B50: IT-02-KPI-02 | C50: نسبة الأقسام الملتزمة باستخدام الأنظمة التقنية | D50: تشغيلي | E50: نسبة | F50: كلما زاد كان أفضل | G50: ربع سنوي | H50: تقارير الاستخدام | I50: إدارة الشؤون المالية و الإدارية | J50: 0 | K50: 0.85 | L50: 0.55 | N50: =IF(AND($T50="معتمد",$L50>0),$M50/$L50,"") | O50: =IF($T50="معتمد",$M50-$L50,"") | P50: =IF(AND($T50="معتمد",$L50>0),($M50-$L50)/$L50,"") | V50: =IF($T50<>"معتمد","",IFERROR((IF(AND($T50="معتمد",$L50>0),$M50,0))/(IF(AND($T50="معتمد",$L50>0),$L50,0)),"")) | W50: =IF(AND($T50="معتمد",$K50>0),(IF($T50="معتمد",$M50,0))/$K50,"") | X50: =A50&B50&C50&D50&E50&F50&G50&H50&I50&J50&K50&L50&M50&N50&O50&P50&Q50&R50&S50&T50&U50&V50&W50 -> IT-02IT-02-KPI-02نسبة الأقسام الملتزمة باستخدام الأنظمة التقنيةتشغيلينسبةكلما زاد كان أفضلربع سنويتقارير الاستخدامإدارة الشؤون المالية و الإدارية00.850.55
... A61: GOV-02 | B61: GOV-02-KPI-01 | C61: إلتزام الجمعية بتطبيق معايير الحوكمة | D61: تشغيلي | E61: نسبة | F61: كلما زاد كان أفضل | G61: ربع سنوي | H61: تقييم الحوكمة الكامل من المركز الوطني+جدول احتساب الدرجات+ملفات الشواهد لكل معيار+إثبات الاعتماد أو الرفع | I61: إدارة الأداء و النمو | J61: 0 | K61: 0.98 | L61: 0.98 | N61: =IF(AND($T61="معتمد",$L61>0),$M61/$L61,"") | O61: =IF($T61="معتمد",$M61-$L61,"") | P61: =IF(AND($T61="معتمد",$L61>0),($M61-$L61)/$L61,"") | V61: =IF($T61<>"معتمد","",IFERROR((IF(AND($T61="معتمد",$L61>0),$M61,0))/(IF(AND($T61="معتمد",$L61>0),$L61,0)),"")) | W61: =IF(AND($T61="معتمد",$K61>0),(IF($T61="معتمد",$M61,0))/$K61,"") | X61: =A61&B61&C61&D61&E61&F61&G61&H61&I61&J61&K61&L61&M61&N61&O61&P61&Q61&R61&S61&T61&U61&V61&W61 -> GOV-02GOV-02-KPI-01إلتزام الجمعية بتطبيق معايير الحوكمةتشغيلينسبةكلما زاد كان أفضلربع سنويتقييم الحوكمة الكامل من المركز الوطني+جدول احتساب الدرجات+ملفات الشواهد لكل معيار+إثبات الاعتماد أو الرفعإدارة الأداء و النمو00.980.98
A62: HR-01 | B62: HR-01-KPI-01 | C62: مؤشر عدد المتدربين يكون اكثر ب 30 بالمئة من عدد مشاريع التدريب | D62: تشغيلي | E62: عدد | F62: كلما زاد كان أفضل | G62: ربع سنوي | H62: المشاريع التدريبية+عدد المتدربين+شهادات الاجتياز+إغلاق البرامج رسميًا | I62: إدارة الأداء و النمو | J62: 0 | K62: 70 | L62: 10 | M62: 8 | N62: =IF(AND($T62="معتمد",$L62>0),$M62/$L62,"") | O62: =IF($T62="معتمد",$M62-$L62,"") | P62: =IF(AND($T62="معتمد",$L62>0),($M62-$L62)/$L62,"") | Q62: تدريب8 متدربين في مختلف الاقسام في الجمعية | R62: تم تدريب8 موظفين من أصل 10 مستهدفين للربع، وذلك نتيجة ترشيحات الإدارات وفق احتياجات العمل، إضافة إلى رغبة المتدربين في التطوير، مع مراعاة تنوع الأقسام لضمان شمولية التمثيل. | S62: https://alzaadsa-my.sharepoint.com/:b:/g/personal/hr_alzaad_org_sa/IQB_o2y0rywhQrbqbF8d2su5AcGZUGokjmjSPtG6Lf8E_tE?e=M6llze | V62: =IF($T62<>"معتمد","",IFERROR((IF(AND($T62="معتمد",$L62>0),$M62,0))/(IF(AND($T62="معتمد",$L62>0),$L62,0)),"")) | W62: =IF(AND($T62="معتمد",$K62>0),(IF($T62="معتمد",$M62,0))/$K62,"") | X62: =A62&B62&C62&D62&E62&F62&G62&H62&I62&J62&K62&L62&M62&N62&O62&P62&Q62&R62&S62&T62&U62&V62&W62 -> HR-01HR-01-KPI-01مؤشر عدد المتدربين يكون اكثر ب 30 بالمئة من عدد مشاريع التدريبتشغيليعددكلما زاد كان أفضلربع سنويالمشاريع التدريبية+عدد المتدربين+شهادات الاجتياز+إغلاق البرامج رسميًاإدارة الأداء و النمو070108تدريب8 متدربين في مختلف الاقسام في الجمعية تم تدريب8 موظفين من أصل 10 مستهدفين للربع، وذلك نتيجة ترشيحات الإدارات وفق احتياجات العمل، إضافة إلى رغبة المتدربين في التطوير، مع مراعاة تنوع الأقسام لضمان شمولية التمثيل.https://alzaadsa-my.sharepoint.com/:b:/g/personal/hr_alzaad_org_sa/IQB_o2y0rywhQrbqbF8d2su5AcGZUGokjmjSPtG6Lf8E_tE?e=M6llze
A63: HR-02 | B63: HR-02-KPI-01 | C63: نسبة تطبيق خطط التطوير الفردية | D63: تشغيلي | E63: نسبة | F63: كلما زاد كان أفضل | G63: ربع سنوي | H63: خطط التطوير الفردية+شهادات حضور دورات+مخرجات تدريب (اختبار / مشروع)+اعتماد الموارد البشرية باكتمال التنفيذ | I63: إدارة الأداء و النمو | J63: 0 | K63: 0.7 | L63: 0.5 | M63: 04,00% | N63: =IF(AND($T63="معتمد",$L63>0),$M63/$L63,"") | O63: =IF($T63="معتمد",$M63-$L63,"") | P63: =IF(AND($T63="معتمد",$L63>0),($M63-$L63)/$L63,"") | Q63: لم يتم تدشين كتابة الخطة المهنية لدى الموظفين. | R63: تم ارسال النماذج لملفات الموظفين جميعا ولم تشرح طريقة التعبئة وكتابة المخطة المهنية، وتم إطلاق جزئي مع بعض الموظفين | V63: =IF($T63<>"معتمد","",IFERROR((IF(AND($T63="معتمد",$L63>0),$M63,0))/(IF(AND($T63="معتمد",$L63>0),$L63,0)),"")) | W63: =IF(AND($T63="معتمد",$K63>0),(IF($T63="معتمد",$M63,0))/$K63,"") | X63: =A63&B63&C63&D63&E63&F63&G63&H63&I63&J63&K63&L63&M63&N63&O63&P63&Q63&R63&S63&T63&U63&V63&W63 -> HR-02HR-02-KPI-01نسبة تطبيق خطط التطوير الفردية تشغيلينسبةكلما زاد كان أفضلربع سنويخطط التطوير الفردية+شهادات حضور دورات+مخرجات تدريب (اختبار / مشروع)+اعتماد الموارد البشرية باكتمال التنفيذإدارة الأداء و النمو00.70.504,00%لم يتم تدشين كتابة الخطة المهنية لدى الموظفين.تم ارسال النماذج لملفات الموظفين جميعا ولم تشرح طريقة التعبئة وكتابة المخطة المهنية، وتم إطلاق جزئي مع بعض الموظفين
A64: HR-03 | B64: HR-03-KPI-01 | C64: نسبة التزام الموظفين بساعات العمل (الحضور والانصراف) | D64: تشغيلي | E64: نسبة | F64: كلما زاد كان أفضل | G64: ربع سنوي | H64: تقرير الحضور والانصراف للفترة (ربع سنوي) | I64: إدارة الأداء و النمو | J64: 0 | K64: 0.9 | L64: 0.7 | N64: =IF(AND($T64="معتمد",$L64>0),$M64/$L64,"") | O64: =IF($T64="معتمد",$M64-$L64,"") | P64: =IF(AND($T64="معتمد",$L64>0),($M64-$L64)/$L64,"") | V64: =IF($T64<>"معتمد","",IFERROR((IF(AND($T64="معتمد",$L64>0),$M64,0))/(IF(AND($T64="معتمد",$L64>0),$L64,0)),"")) | W64: =IF(AND($T64="معتمد",$K64>0),(IF($T64="معتمد",$M64,0))/$K64,"") | X64: =A64&B64&C64&D64&E64&F64&G64&H64&I64&J64&K64&L64&M64&N64&O64&P64&Q64&R64&S64&T64&U64&V64&W64 -> HR-03HR-03-KPI-01نسبة التزام الموظفين بساعات العمل (الحضور والانصراف)تشغيلينسبةكلما زاد كان أفضلربع سنويتقرير الحضور والانصراف للفترة (ربع سنوي)إدارة الأداء و النمو00.90.7
A65: HR-03 | B65: HR-03-KPI-02 | C65: نسبة الموظفين الذين تم تقييمهم وفق نظام الأداء المعتمد | D65: تشغيلي | E65: نسبة | F65: كلما زاد كان أفضل | G65: ربع سنوي | H65: سجل تقييم الأداء للموظفين+إقفال دورة التقييم رسميًا | I65: إدارة الأداء و النمو | J65: 0 | K65: 1 | L65: 1 | N65: =IF(AND($T65="معتمد",$L65>0),$M65/$L65,"") | O65: =IF($T65="معتمد",$M65-$L65,"") | P65: =IF(AND($T65="معتمد",$L65>0),($M65-$L65)/$L65,"") | V65: =IF($T65<>"معتمد","",IFERROR((IF(AND($T65="معتمد",$L65>0),$M65,0))/(IF(AND($T65="معتمد",$L65>0),$L65,0)),"")) | W65: =IF(AND($T65="معتمد",$K65>0),(IF($T65="معتمد",$M65,0))/$K65,"") | X65: =A65&B65&C65&D65&E65&F65&G65&H65&I65&J65&K65&L65&M65&N65&O65&P65&Q65&R65&S65&T65&U65&V65&W65 -> HR-03HR-03-KPI-02نسبة الموظفين الذين تم تقييمهم وفق نظام الأداء المعتمدتشغيلينسبةكلما زاد كان أفضلربع سنويسجل تقييم الأداء للموظفين+إقفال دورة التقييم رسميًاإدارة الأداء و النمو011
A66: OPS-02 | B66: OPS-02-KPI-01 | C66: نسبة الالتزام بتنفيذ طلبات الفعاليات الداخلية في الوقت المعتمد | D66: تشغيلي | E66: نسبة | F66: كلما زاد كان أفضل | G66: ربع سنوي | H66: رابط تقييم القاعة | I66: إدارة الإتصال المؤسسي | J66: 0 | K66: 0.97 | L66: 0.85 | M66: 0 | N66: =IF(AND($T66="معتمد",$L66>0),$M66/$L66,"") | O66: =IF($T66="معتمد",$M66-$L66,"") | P66: =IF(AND($T66="معتمد",$L66>0),($M66-$L66)/$L66,"") | V66: =IF($T66<>"معتمد","",IFERROR((IF(AND($T66="معتمد",$L66>0),$M66,0))/(IF(AND($T66="معتمد",$L66>0),$L66,0)),"")) | W66: =IF(AND($T66="معتمد",$K66>0),(IF($T66="معتمد",$M66,0))/$K66,"") | X66: =A66&B66&C66&D66&E66&F66&G66&H66&I66&J66&K66&L66&M66&N66&O66&P66&Q66&R66&S66&T66&U66&V66&W66 -> OPS-02OPS-02-KPI-01نسبة الالتزام بتنفيذ طلبات الفعاليات الداخلية في الوقت المعتمدتشغيلينسبةكلما زاد كان أفضلربع سنويرابط تقييم القاعةإدارة الإتصال المؤسسي00.970.850
A67: PRG-01 | B67: PRG-01-KPI-01 | C67: مستوى رضا المشاركين عن اللقاءات والفعاليات | D67: تشغيلي | E67: نسبة | F67: كلما زاد كان أفضل | G67: ربع سنوي | H67: نسبة رضا الحضور | I67: إدارة الإتصال المؤسسي | J67: 0 | K67: 0 | L67: 0 | N67: =IF(AND($T67="معتمد",$L67>0),$M67/$L67,"") | O67: =IF($T67="معتمد",$M67-$L67,"") | P67: =IF(AND($T67="معتمد",$L67>0),($M67-$L67)/$L67,"") | S67: https://alzaadsa-my.sharepoint.com/:b:/g/personal/abdullahalqoair_alzaad_org_sa/IQD6ZbePuo8TSo3dcpfDTbUYAe7Nl2CDH6Wn8aTkAVFHENc?e=fITmDn | V67: =IF($T67<>"معتمد","",IFERROR((IF(AND($T67="معتمد",$L67>0),$M67,0))/(IF(AND($T67="معتمد",$L67>0),$L67,0)),"")) | W67: =IF(AND($T67="معتمد",$K67>0),(IF($T67="معتمد",$M67,0))/$K67,"") | X67: =A67&B67&C67&D67&E67&F67&G67&H67&I67&J67&K67&L67&M67&N67&O67&P67&Q67&R67&S67&T67&U67&V67&W67 -> PRG-01PRG-01-KPI-01مستوى رضا المشاركين عن اللقاءات والفعالياتتشغيلينسبةكلما زاد كان أفضلربع سنوينسبة رضا الحضور إدارة الإتصال المؤسسي000https://alzaadsa-my.sharepoint.com/:b:/g/personal/abdullahalqoair_alzaad_org_sa/IQD6ZbePuo8TSo3dcpfDTbUYAe7Nl2CDH6Wn8aTkAVFHENc?e=fITmDn
A68: PRG-02 | B68: PRG-02-KPI-01 | C68: نسبة مشاركة سفراء الزاد في الأنشطة المعتمدة | D68: تشغيلي | E68: نسبة | F68: كلما زاد كان أفضل | G68: ربع سنوي | H68: نسبة رضا المستفيدين | I68: إدارة الإتصال المؤسسي | J68: 0 | K68: 0 | L68: 0 | N68: =IF(AND($T68="معتمد",$L68>0),$M68/$L68,"") | O68: =IF($T68="معتمد",$M68-$L68,"") | P68: =IF(AND($T68="معتمد",$L68>0),($M68-$L68)/$L68,"") | V68: =IF($T68<>"معتمد","",IFERROR((IF(AND($T68="معتمد",$L68>0),$M68,0))/(IF(AND($T68="معتمد",$L68>0),$L68,0)),"")) | W68: =IF(AND($T68="معتمد",$K68>0),(IF($T68="معتمد",$M68,0))/$K68,"") | X68: =A68&B68&C68&D68&E68&F68&G68&H68&I68&J68&K68&L68&M68&N68&O68&P68&Q68&R68&S68&T68&U68&V68&W68 -> PRG-02PRG-02-KPI-01نسبة مشاركة سفراء الزاد في الأنشطة المعتمدةتشغيلينسبةكلما زاد كان أفضلربع سنوينسبة رضا المستفيدين إدارة الإتصال المؤسسي000
A69: COM-01 | B69: COM-01-KPI-01 | C69: نسبة إنجاز المحتوى وفق خطة النشر | D69: تشغيلي | E69: نسبة | F69: كلما زاد كان أفضل | G69: ربع سنوي | H69: خطة النشر | I69: إدارة الإتصال المؤسسي | J69: 0 | K69: 0.95 | L69: 0.9 | M69: 59,00% | N69: =IF(AND($T69="معتمد",$L69>0),$M69/$L69,"") | O69: =IF($T69="معتمد",$M69-$L69,"") | P69: =IF(AND($T69="معتمد",$L69>0),($M69-$L69)/$L69,"") | Q69: النسبة أقل من المستهدف | R69: عدم وجود خطة نشر واضحة وعدم مشاركة الادارات الأخرى في التسجيل في الخطة | S69: https://alzaadsa-my.sharepoint.com/:x:/g/personal/sofyanalmansour_alzaad_org_sa/IQDyhinXGmqrQ5Tqza9nt3oCAYMXLLsNJCDRIEIVlfRR9rw?e=uLgEhJ | V69: =IF($T69<>"معتمد","",IFERROR((IF(AND($T69="معتمد",$L69>0),$M69,0))/(IF(AND($T69="معتمد",$L69>0),$L69,0)),"")) | W69: =IF(AND($T69="معتمد",$K69>0),(IF($T69="معتمد",$M69,0))/$K69,"") | X69: =A69&B69&C69&D69&E69&F69&G69&H69&I69&J69&K69&L69&M69&N69&O69&P69&Q69&R69&S69&T69&U69&V69&W69 -> COM-01COM-01-KPI-01نسبة إنجاز المحتوى وفق خطة النشرتشغيلينسبةكلما زاد كان أفضلربع سنويخطة النشر إدارة الإتصال المؤسسي00.950.959,00%النسبة أقل من المستهدف عدم وجود خطة نشر واضحة وعدم مشاركة الادارات الأخرى في التسجيل في الخطة https://alzaadsa-my.sharepoint.com/:x:/g/personal/sofyanalmansour_alzaad_org_sa/IQDyhinXGmqrQ5Tqza9nt3oCAYMXLLsNJCDRIEIVlfRR9rw?e=uLgEhJ
A70: COM-02 | B70: COM-02-KPI-01 | C70: نسبة الالتزام بزمن تنفيذ الطلبات الإعلامية | D70: تشغيلي | E70: نسبة | F70: كلما زاد كان أفضل | G70: ربع سنوي | H70: الطلبات الاعلامية | I70: إدارة الإتصال المؤسسي | J70: 0 | K70: 0.95 | L70: 0.9 | M70: 50,00% | N70: =IF(AND($T70="معتمد",$L70>0),$M70/$L70,"") | O70: =IF($T70="معتمد",$M70-$L70,"") | P70: =IF(AND($T70="معتمد",$L70>0),($M70-$L70)/$L70,"") | Q70: النسبة أقل من المستهدف | R70: نزول النسبة لأننا بالبداية لم نضبط طريقة تسجيل الطلبات وبسبب كثرة الطلبات الاعلامية في الفترة السابقة | S70: https://alzaadsa-my.sharepoint.com/:x:/g/personal/nmo_esnad_alzaad_org_sa/IQCPXR5Foh2sSKxlcs7zl4GDAeGE0dEGUNH-rJwwV-8YZMk?e=Upt9ol | V70: =IF($T70<>"معتمد","",IFERROR((IF(AND($T70="معتمد",$L70>0),$M70,0))/(IF(AND($T70="معتمد",$L70>0),$L70,0)),"")) | W70: =IF(AND($T70="معتمد",$K70>0),(IF($T70="معتمد",$M70,0))/$K70,"") | X70: =A70&B70&C70&D70&E70&F70&G70&H70&I70&J70&K70&L70&M70&N70&O70&P70&Q70&R70&S70&T70&U70&V70&W70 -> COM-02COM-02-KPI-01نسبة الالتزام بزمن تنفيذ الطلبات الإعلاميةتشغيلينسبةكلما زاد كان أفضلربع سنويالطلبات الاعلامية إدارة الإتصال المؤسسي00.950.950,00%النسبة أقل من المستهدف نزول النسبة لأننا بالبداية لم نضبط طريقة تسجيل الطلبات وبسبب كثرة الطلبات الاعلامية في الفترة السابقة https://alzaadsa-my.sharepoint.com/:x:/g/personal/nmo_esnad_alzaad_org_sa/IQCPXR5Foh2sSKxlcs7zl4GDAeGE0dEGUNH-rJwwV-8YZMk?e=Upt9ol
A71: PRT-01 | B71: PRT-01-KPI-01 | C71: عدد الشراكات الجديدة الفاعلة | D71: تشغيلي | E71: عدد | F71: كلما زاد كان أفضل | G71: ربع سنوي | H71: عقود الشراكات | I71: إدارة الإتصال المؤسسي | J71: 0 | K71: 0 | L71: 0 | N71: =IF(AND($T71="معتمد",$L71>0),$M71/$L71,"") | O71: =IF($T71="معتمد",$M71-$L71,"") | P71: =IF(AND($T71="معتمد",$L71>0),($M71-$L71)/$L71,"") | V71: =IF($T71<>"معتمد","",IFERROR((IF(AND($T71="معتمد",$L71>0),$M71,0))/(IF(AND($T71="معتمد",$L71>0),$L71,0)),"")) | W71: =IF(AND($T71="معتمد",$K71>0),(IF($T71="معتمد",$M71,0))/$K71,"") | X71: =A71&B71&C71&D71&E71&F71&G71&H71&I71&J71&K71&L71&M71&N71&O71&P71&Q71&R71&S71&T71&U71&V71&W71 -> PRT-01PRT-01-KPI-01عدد الشراكات الجديدة الفاعلةتشغيليعددكلما زاد كان أفضلربع سنويعقود الشراكاتإدارة الإتصال المؤسسي000
A72: PRT-01 | B72: PRT-01-KPI-02 | C72: نسبة تفعيل الشراكات السابقة | D72: تشغيلي | E72: عدد | F72: كلما زاد كان أفضل | G72: ربع سنوي | H72: تقارير المتابعة الدورية لتفعيل الشراكات | I72: إدارة الإتصال المؤسسي | J72: 0 | K72: 0 | L72: 0 | N72: =IF(AND($T72="معتمد",$L72>0),$M72/$L72,"") | O72: =IF($T72="معتمد",$M72-$L72,"") | P72: =IF(AND($T72="معتمد",$L72>0),($M72-$L72)/$L72,"") | V72: =IF($T72<>"معتمد","",IFERROR((IF(AND($T72="معتمد",$L72>0),$M72,0))/(IF(AND($T72="معتمد",$L72>0),$L72,0)),"")) | W72: =IF(AND($T72="معتمد",$K72>0),(IF($T72="معتمد",$M72,0))/$K72,"") | X72: =A72&B72&C72&D72&E72&F72&G72&H72&I72&J72&K72&L72&M72&N72&O72&P72&Q72&R72&S72&T72&U72&V72&W72 -> PRT-01PRT-01-KPI-02نسبة تفعيل الشراكات السابقةتشغيليعددكلما زاد كان أفضلربع سنويتقارير المتابعة الدورية لتفعيل الشراكاتإدارة الإتصال المؤسسي000
A73: PRT-01 | B73: PRT-01-KPI-03 | C73: عدد فرص التعاون المنفذة بدون شراكة رسمية | D73: تشغيلي | E73: عدد | F73: كلما زاد كان أفضل | G73: ربع سنوي | H73: سجل التعاون المجتمعي | I73: إدارة الإتصال المؤسسي | J73: 0 | K73: 0 | L73: 0 | N73: =IF(AND($T73="معتمد",$L73>0),$M73/$L73,"") | O73: =IF($T73="معتمد",$M73-$L73,"") | P73: =IF(AND($T73="معتمد",$L73>0),($M73-$L73)/$L73,"") | V73: =IF($T73<>"معتمد","",IFERROR((IF(AND($T73="معتمد",$L73>0),$M73,0))/(IF(AND($T73="معتمد",$L73>0),$L73,0)),"")) | W73: =IF(AND($T73="معتمد",$K73>0),(IF($T73="معتمد",$M73,0))/$K73,"") | X73: =A73&B73&C73&D73&E73&F73&G73&H73&I73&J73&K73&L73&M73&N73&O73&P73&Q73&R73&S73&T73&U73&V73&W73 -> PRT-01PRT-01-KPI-03عدد فرص التعاون المنفذة بدون شراكة رسميةتشغيليعددكلما زاد كان أفضلربع سنويسجل التعاون المجتمعيإدارة الإتصال المؤسسي000
A74: EXP-02 | B74: EXP-02-KPI-01 | C74: نسبة البرامج أو المبادرات المنفذة بالشراكة بين جمعيتين أو أكثر من إجمالي البرامج المنفذة | D74: تشغيلي | E74: نسبة | F74: كلما زاد كان أفضل | G74: ربع سنوي | H74: ملف الأدارة -مركز إسناد ونمو | I74: إدارة الرعاية و التمكين | J74: 0 | K74: 0.85 | L74: 0.85 | M74: 0.85 | N74: =IF(AND($T74="معتمد",$L74>0),$M74/$L74,"") | O74: =IF($T74="معتمد",$M74-$L74,"") | P74: =IF(AND($T74="معتمد",$L74>0),($M74-$L74)/$L74,"") | Q74: أولاً:تم أطلاق برنامج زكاة الفطر لـ جمعيات الخيرية بالمنطقة تسجيل 47 جمعية , ومن ثم تم ترشيح 22 جمعية وفق معايير معينة. ثانياً:بناء على توجيه صاحب السمو الملكي امير منطقة القصيم لـ دعم بعض من الجمعيات لـ كسوة العيدبمبلغ وقدرة 49959 تم اعتماد 5 جمعيات وتحويل مبالغ مالية لحساباتهم البنكية. | R74: اولاً:تم عبر نشر فورمز للتسجيل ومن ثم أختيار الجمعيات المرشحة لـ زكاة الفطر ومتابعة قبولهم عن طريق إرسال خطابات رسمية . ثانيا:تم ترشيح 5 جمعيات والتواصل معهم وطلب خطابات رسمية بعدد أفراد الاسر لديهم والبيانات الأساسية ومن ثم اعتمادها ورفع المطالبات بـ نظام خير | S74: مؤشر نسبة البرامج أو المبادرات المنفذة بالشراكة بين جمعيتين أو أكثر من أجمالي البرامج المنفذة | V74: =IF($T74<>"معتمد","",IFERROR((IF(AND($T74="معتمد",$L74>0),$M74,0))/(IF(AND($T74="معتمد",$L74>0),$L74,0)),"")) | W74: =IF(AND($T74="معتمد",$K74>0),(IF($T74="معتمد",$M74,0))/$K74,"") | X74: =A74&B74&C74&D74&E74&F74&G74&H74&I74&J74&K74&L74&M74&N74&O74&P74&Q74&R74&S74&T74&U74&V74&W74 -> EXP-02EXP-02-KPI-01نسبة البرامج أو المبادرات المنفذة بالشراكة بين جمعيتين أو أكثر من إجمالي البرامج المنفذةتشغيلينسبةكلما زاد كان أفضلربع سنويملف الأدارة -مركز إسناد ونمو إدارة الرعاية و التمكين00.850.850.85أولاً:تم أطلاق برنامج زكاة الفطر لـ جمعيات الخيرية بالمنطقة تسجيل 47 جمعية , ومن ثم تم ترشيح 22 جمعية وفق معايير معينة. ثانياً:بناء على توجيه صاحب السمو الملكي امير منطقة القصيم لـ دعم بعض من الجمعيات لـ كسوة العيدبمبلغ وقدرة 49959 تم اعتماد 5 جمعيات وتحويل مبالغ مالية لحساباتهم البنكية.اولاً:تم عبر نشر فورمز للتسجيل ومن ثم أختيار الجمعيات المرشحة لـ زكاة الفطر ومتابعة قبولهم عن طريق إرسال خطابات رسمية . ثانيا:تم ترشيح 5 جمعيات والتواصل معهم وطلب خطابات رسمية بعدد أفراد الاسر لديهم والبيانات الأساسية ومن ثم اعتمادها ورفع المطالبات بـ نظام خير مؤشر نسبة البرامج أو المبادرات المنفذة بالشراكة بين جمعيتين أو أكثر من أجمالي البرامج المنفذة
A75: PRG-05 | B75: PRG-05-KPI-01 | C75: نسبة إكتمال ودقة بيانات وملفات المستفيدين المستخدمة في البحث الإجتماعي | D75: تشغيلي | E75: نسبة | F75: كلما زاد كان أفضل | G75: ربع سنوي | H75: ملف الأدارة -البحث الأجتماعي | I75: إدارة الرعاية و التمكين | J75: 0 | K75: 0.95 | L75: 0.95 | N75: =IF(AND($T75="معتمد",$L75>0),$M75/$L75,"") | O75: =IF($T75="معتمد",$M75-$L75,"") | P75: =IF(AND($T75="معتمد",$L75>0),($M75-$L75)/$L75,"") | V75: =IF($T75<>"معتمد","",IFERROR((IF(AND($T75="معتمد",$L75>0),$M75,0))/(IF(AND($T75="معتمد",$L75>0),$L75,0)),"")) | W75: =IF(AND($T75="معتمد",$K75>0),(IF($T75="معتمد",$M75,0))/$K75,"") | X75: =A75&B75&C75&D75&E75&F75&G75&H75&I75&J75&K75&L75&M75&N75&O75&P75&Q75&R75&S75&T75&U75&V75&W75 -> PRG-05PRG-05-KPI-01نسبة إكتمال ودقة بيانات وملفات المستفيدين المستخدمة في البحث الإجتماعيتشغيلينسبةكلما زاد كان أفضلربع سنويملف الأدارة -البحث الأجتماعي إدارة الرعاية و التمكين00.950.95
A76: PRG-03 | B76: PRG-03-KPI-01 | C76: نسبة تحقيق مستهدف الاستعانة بالخبراء والكفاءات المتخصصة | D76: تشغيلي | E76: نسبة | F76: كلما زاد كان أفضل | G76: ربع سنوي | H76: سجل حصر الخبراء والكفاءات+عقود/تكليفات+ربط بالمشاريع+مخرجات العمل | I76: إدارة التكافل المجتمعي | J76: 0 | K76: 10 | L76: 1 | M76: 2 | N76: =IF(AND($T76="معتمد",$L76>0),$M76/$L76,"") | O76: =IF($T76="معتمد",$M76-$L76,"") | P76: =IF(AND($T76="معتمد",$L76>0),($M76-$L76)/$L76,"") | Q76: تم خلال الربع الأول تفعيل دور الخبراء من خلال الاستفادة من خبرات مختصين في مجال العمل التنموي، حيث تمت زيارة ميدانية لمشروع زكاة الفطر والاطلاع على تجربة تطبيقية متقدمة بإشراف خبيرين متخصصين. أسهمت هذه المشاركة في: • نقل معرفة عملية مباشرة في آليات تنفيذ زكاة الفطر (ميدانيًا وإلكترونيًا). • تطوير فهم الفريق لأساليب التنظيم، الحوكمة، والتوثيق. • تحسين آليات التنسيق مع الجهات الطرفية وإدارة عمليات التوزيع. • الخروج بتوصيات تطويرية نوعية قابلة للتطبيق، تسهم في رفع كفاءة وجودة المشاريع. | R76: تم تحقيق ذلك من خلال: • استقطاب خبراء متخصصين: الاستفادة من خبرات (2) من المختصين في المجال عبر التنسيق لزيارة ميدانية. • تنظيم زيارة تطبيقية: تنفيذ زيارة لمشروع زكاة الفطر للاطلاع على التجربة الواقعية في بيئة العمل. • عرض ومناقشة التجربة: استعراض تفصيلي للآليات التشغيلية، مع فتح مجال النقاش والتحليل مع الخبراء. • التركيز على الجوانب الفنية: مناقشة محاور التشغيل، الحوكمة، التوثيق، والتنسيق مع الجهات ذات العلاقة. • توثيق المخرجات: إعداد تقرير يتضمن أبرز الممارسات والتوصيات المقدمة من الخبراء. • تحويل المعرفة إلى تحسينات: الاستفادة من التوصيات وتوجيهها نحو تطوير العمل ورفع كفاءته في المشاريع القادمة | S76: https://alzaadsa-my.sharepoint.com/:x:/g/personal/pmo_alzaad_org_sa/IQBwLnP-LDbwSKj_c5vfPyzRAeHe-DbbZ_M8YEtVolSWL3c?e=GGnWa6 | V76: =IF($T76<>"معتمد","",IFERROR((IF(AND($T76="معتمد",$L76>0),$M76,0))/(IF(AND($T76="معتمد",$L76>0),$L76,0)),"")) | W76: =IF(AND($T76="معتمد",$K76>0),(IF($T76="معتمد",$M76,0))/$K76,"") | X76: =A76&B76&C76&D76&E76&F76&G76&H76&I76&J76&K76&L76&M76&N76&O76&P76&Q76&R76&S76&T76&U76&V76&W76 -> PRG-03PRG-03-KPI-01نسبة تحقيق مستهدف الاستعانة بالخبراء والكفاءات المتخصصةتشغيلينسبةكلما زاد كان أفضلربع سنويسجل حصر الخبراء والكفاءات+عقود/تكليفات+ربط بالمشاريع+مخرجات العملإدارة التكافل المجتمعي01012تم خلال الربع الأول تفعيل دور الخبراء من خلال الاستفادة من خبرات مختصين في مجال العمل التنموي، حيث تمت زيارة ميدانية لمشروع زكاة الفطر والاطلاع على تجربة تطبيقية متقدمة بإشراف خبيرين متخصصين. أسهمت هذه المشاركة في: • نقل معرفة عملية مباشرة في آليات تنفيذ زكاة الفطر (ميدانيًا وإلكترونيًا). • تطوير فهم الفريق لأساليب التنظيم، الحوكمة، والتوثيق. • تحسين آليات التنسيق مع الجهات الطرفية وإدارة عمليات التوزيع. • الخروج بتوصيات تطويرية نوعية قابلة للتطبيق، تسهم في رفع كفاءة وجودة المشاريع.تم تحقيق ذلك من خلال: • استقطاب خبراء متخصصين: الاستفادة من خبرات (2) من المختصين في المجال عبر التنسيق لزيارة ميدانية. • تنظيم زيارة تطبيقية: تنفيذ زيارة لمشروع زكاة الفطر للاطلاع على التجربة الواقعية في بيئة العمل. • عرض ومناقشة التجربة: استعراض تفصيلي للآليات التشغيلية، مع فتح مجال النقاش والتحليل مع الخبراء. • التركيز على الجوانب الفنية: مناقشة محاور التشغيل، الحوكمة، التوثيق، والتنسيق مع الجهات ذات العلاقة. • توثيق المخرجات: إعداد تقرير يتضمن أبرز الممارسات والتوصيات المقدمة من الخبراء. • تحويل المعرفة إلى تحسينات: الاستفادة من التوصيات وتوجيهها نحو تطوير العمل ورفع كفاءته في المشاريع القادمةhttps://alzaadsa-my.sharepoint.com/:x:/g/personal/pmo_alzaad_org_sa/IQBwLnP-LDbwSKj_c5vfPyzRAeHe-DbbZ_M8YEtVolSWL3c?e=GGnWa6
A77: EXP-01 | B77: EXP-01-KPI-01 | C77: نسبة تحقيق مستهدف انتشار خدمات الإدارة | D77: تشغيلي | E77: نسبة | F77: كلما زاد كان أفضل | G77: ربع سنوي | H77: سجل الجهات المستفيدة+أدلة تنفيذ الخدمة+ربط الجهات بالمشاريع | I77: إدارة التكافل المجتمعي | J77: 0 | K77: 60 | L77: 15 | M77: 20 | N77: =IF(AND($T77="معتمد",$L77>0),$M77/$L77,"") | O77: =IF($T77="معتمد",$M77-$L77,"") | P77: =IF(AND($T77="معتمد",$L77>0),($M77-$L77)/$L77,"") | Q77: تم خلال الربع الأول بناء وتفعيل منظومة شراكات متنوعة شملت جهات داعمة، استراتيجية، مجتمعية، ومستفيدة، حيث بلغ عدد الجهات المشاركة أكثر من (20) جهة عبر عدة مشاريع. أسهمت هذه الشراكات في دعم المشاريع من خلال تقديم الموارد العينية (مثل التمور)، والمشاركة في التوعية ونشر الرسائل الإعلامية، إضافة إلى الإسهام في التنفيذ الميداني وتوسيع نطاق الوصول للمستفيدين. كما لوحظ تكامل بين الجهات، حيث إن بعض الشركاء لديهم معرفة وعلاقات سابقة، مما عزز سرعة التنسيق، في حين تم استقطاب جهات جديدة لم تكن على ارتباط مسبق، مما وسّع شبكة الشراكات | R77: تم تحقيق هذه الشراكات عبر عمل منظم ومتكامل شمل: • تحديد وتصنيف الشركاء: تقسيم الجهات إلى (داعمة – استراتيجية – مجتمعية – مستفيدة) وفق طبيعة الدور المتوقع من كل جهة. • بناء العلاقات والتواصل: تفعيل العلاقات السابقة، واستقطاب جهات جديدة عبر التواصل المباشر وعرض فرص المشاركة في المشاريع. • توضيح الفرص والأدوار: تقديم تصور واضح لكل جهة عن دورها وإسهامها في المشروع، مما ساعد على رفع مستوى الالتزام والتفاعل. • التكامل بين الشركاء: ربط بعض الجهات ببعض (مثل الجهات الداعمة مع الجهات المنفذة أو المستفيدة) لتحقيق أعلى كفاءة في الاستفادة من الموارد. • التنسيق المستمر: إدارة التواصل بين الجهات أثناء التنفيذ، ومتابعة سير العمل ميدانيًا لضمان تكامل الأدوار وعدم التعارض. • تعزيز الجانب التوعوي والإعلامي: الاستفادة من الشركاء في نشر الرسائل التوعوية، مما ساهم في رفع الوعي وزيادة أثر المشاريع | S77: https://alzaadsa-my.sharepoint.com/:x:/g/personal/pmo_alzaad_org_sa/IQDmkNEYJJcnTIiVH0N9tMJlAaZtUycDhD1pD7UAviVVD7U?e=sJ9PA3 | V77: =IF($T77<>"معتمد","",IFERROR((IF(AND($T77="معتمد",$L77>0),$M77,0))/(IF(AND($T77="معتمد",$L77>0),$L77,0)),"")) | W77: =IF(AND($T77="معتمد",$K77>0),(IF($T77="معتمد",$M77,0))/$K77,"") | X77: =A77&B77&C77&D77&E77&F77&G77&H77&I77&J77&K77&L77&M77&N77&O77&P77&Q77&R77&S77&T77&U77&V77&W77 -> EXP-01EXP-01-KPI-01نسبة تحقيق مستهدف انتشار خدمات الإدارةتشغيلينسبةكلما زاد كان أفضلربع سنويسجل الجهات المستفيدة+أدلة تنفيذ الخدمة+ربط الجهات بالمشاريعإدارة التكافل المجتمعي0601520تم خلال الربع الأول بناء وتفعيل منظومة شراكات متنوعة شملت جهات داعمة، استراتيجية، مجتمعية، ومستفيدة، حيث بلغ عدد الجهات المشاركة أكثر من (20) جهة عبر عدة مشاريع. أسهمت هذه الشراكات في دعم المشاريع من خلال تقديم الموارد العينية (مثل التمور)، والمشاركة في التوعية ونشر الرسائل الإعلامية، إضافة إلى الإسهام في التنفيذ الميداني وتوسيع نطاق الوصول للمستفيدين. كما لوحظ تكامل بين الجهات، حيث إن بعض الشركاء لديهم معرفة وعلاقات سابقة، مما عزز سرعة التنسيق، في حين تم استقطاب جهات جديدة لم تكن على ارتباط مسبق، مما وسّع شبكة الشراكاتتم تحقيق هذه الشراكات عبر عمل منظم ومتكامل شمل: • تحديد وتصنيف الشركاء: تقسيم الجهات إلى (داعمة – استراتيجية – مجتمعية – مستفيدة) وفق طبيعة الدور المتوقع من كل جهة. • بناء العلاقات والتواصل: تفعيل العلاقات السابقة، واستقطاب جهات جديدة عبر التواصل المباشر وعرض فرص المشاركة في المشاريع. • توضيح الفرص والأدوار: تقديم تصور واضح لكل جهة عن دورها وإسهامها في المشروع، مما ساعد على رفع مستوى الالتزام والتفاعل. • التكامل بين الشركاء: ربط بعض الجهات ببعض (مثل الجهات الداعمة مع الجهات المنفذة أو المستفيدة) لتحقيق أعلى كفاءة في الاستفادة من الموارد. • التنسيق المستمر: إدارة التواصل بين الجهات أثناء التنفيذ، ومتابعة سير العمل ميدانيًا لضمان تكامل الأدوار وعدم التعارض. • تعزيز الجانب التوعوي والإعلامي: الاستفادة من الشركاء في نشر الرسائل التوعوية، مما ساهم في رفع الوعي وزيادة أثر المشاريعhttps://alzaadsa-my.sharepoint.com/:x:/g/personal/pmo_alzaad_org_sa/IQDmkNEYJJcnTIiVH0N9tMJlAaZtUycDhD1pD7UAviVVD7U?e=sJ9PA3
A78: PRG-04 | B78: PRG-04-KPI-01 | C78: عدد المنتجات والمحتويات المعرفية المنتجة | D78: تشغيلي | E78: عدد | F78: كلما زاد كان أفضل | G78: ربع سنوي | H78: سجل المنتجات+ملفات كل منتج+اعتماد رسمي+ربط بالمشاريع | I78: إدارة التكافل المجتمعي | J78: 0 | K78: 6 | L78: 0 | N78: =IF(AND($T78="معتمد",$L78>0),$M78/$L78,"") | O78: =IF($T78="معتمد",$M78-$L78,"") | P78: =IF(AND($T78="معتمد",$L78>0),($M78-$L78)/$L78,"") | V78: =IF($T78<>"معتمد","",IFERROR((IF(AND($T78="معتمد",$L78>0),$M78,0))/(IF(AND($T78="معتمد",$L78>0),$L78,0)),"")) | W78: =IF(AND($T78="معتمد",$K78>0),(IF($T78="معتمد",$M78,0))/$K78,"") | X78: =A78&B78&C78&D78&E78&F78&G78&H78&I78&J78&K78&L78&M78&N78&O78&P78&Q78&R78&S78&T78&U78&V78&W78 -> PRG-04PRG-04-KPI-01عدد المنتجات والمحتويات المعرفية المنتجةتشغيليعددكلما زاد كان أفضلربع سنويسجل المنتجات+ملفات كل منتج+اعتماد رسمي+ربط بالمشاريعإدارة التكافل المجتمعي060

Sheet قياس الأداء للربع الثالث
A1: قياس الأداء لعام 2026 الربع الثالث
A2: رمزالهدف | B2: رمزالمؤشر | C2: اسم المؤشر | D2: نوع المؤشر | E2: وحدة القياس | F2: الإتجاه | G2: دورية القياس | H2: البيانات المطلوبة للقياس | I2: الإدارة المالكة | J2: خط الأساس | K2: مستهدف عام 2026 | L2: المستهدف للربع الأول | M2: المتحقق الفعلي للربع الأول | N2: نسبة الإنجاز Q1 | O2: قيمة الانحراف Q1 | P2: نسبة الانحراف Q1 | Q2: ماذا حصل Q1؟ | R2: كيف حصل Q1؟ | S2: إرفاق شواهد Q1 | T2: حالة الإعتماد | U2: توصيات قسم الاستراتيجية | V2: الأداء السنوي | W2: نسبة التقدم نحو المستهدف السنوي | X2: شامل
A3: ع1 | B3: ع1-1 | C3: متوسط ما تتحصل عليه الأسرة من الجمعية | E3: ريال | F3: كلما زاد كان أفضل | G3: ربع سنوي | H3: تقرير مالي بالمعونات المقدمة للأسر المستفيدة وعدد الأسر المستفيدة | I3: إدارة الرعاية و التمكين | J3: 0 | K3: 20000 | L3: 4000 | N3: =IF(AND($T3="معتمد",$L3>0),$M3/$L3,"") -> 0 | O3: =IF($T3="معتمد",$M3-$L3,"") -> -4000 | P3: =IF(AND($T3="معتمد",$L3>0),($M3-$L3)/$L3,"") -> -1 | T3: معتمد | V3: =IF($T3<>"معتمد","",IFERROR((IF(AND('قياس الأداء للربع الأول'!#REF!="معتمد",'قياس الأداء للربع الأول'!#REF!>0),'قياس الأداء للربع الأول'!#REF!,0)+IF(AND('قياس الأداء للربع الثاني'!#REF!="معتمد",'قياس الأداء للربع الثاني'!#REF!>0),'قياس الأداء للربع الثاني'!#REF!,0)+IF(AND($T3="معتمد",$L3>0),$M3,0))/(IF(AND('قياس الأداء للربع الأول'!#REF!="معتمد",'قياس الأداء للربع الأول'!#REF!>0),'قياس الأداء للربع الأول'!#REF!,0)+IF(AND('قياس الأداء للربع الثاني'!#REF!="معتمد",'قياس الأداء للربع الثاني'!#REF!>0),'قياس الأداء للربع الثاني'!#REF!,0)+IF(AND($T3="معتمد",$L3>0),$L3,0)),"")) | W3: =IF(AND($T3="معتمد",$K3>0),(IF('قياس الأداء للربع الأول'!#REF!="معتمد",'قياس الأداء للربع الأول'!#REF!,0)+IF('قياس الأداء للربع الثاني'!#REF!="معتمد",'قياس الأداء للربع الثاني'!#REF!,0)+IF($T3="معتمد",$M3,0))/$K3,"") -> #REF! | X3: =A3&B3&C3&D3&E3&F3&G3&H3&I3&J3&K3&L3&M3&N3&O3&P3&Q3&R3&S3&T3&U3&V3&W3 -> #REF!
A4: ع1 | B4: ع1-1 | C4: متوسط ما تتحصل عليه الأسرة من الجمعية | E4: ريال | F4: كلما زاد كان أفضل | G4: ربع سنوي | H4: تقرير مالي بالمعونات المقدمة للأسر المستفيدة وعدد الأسر المستفيدة | I4: إدارة الرعاية و التمكين | J4: 0 | K4: 20000 | L4: 4000 | N4: =IF(AND($T4="معتمد",$L4>0),$M4/$L4,"") | O4: =IF($T4="معتمد",$M4-$L4,"") | P4: =IF(AND($T4="معتمد",$L4>0),($M4-$L4)/$L4,"") | T4: تحت المراجعة | V4: =IF($T4<>"معتمد","",IFERROR((IF(AND('قياس الأداء للربع الأول'!$T3="معتمد",'قياس الأداء للربع الأول'!$L3>0),'قياس الأداء للربع الأول'!$M3,0)+IF(AND('قياس الأداء للربع الثاني'!$Q3="معتمد",'قياس الأداء للربع الثاني'!$L3>0),'قياس الأداء للربع الثاني'!$M3,0)+IF(AND($T4="معتمد",$L4>0),$M4,0))/(IF(AND('قياس الأداء للربع الأول'!$T3="معتمد",'قياس الأداء للربع الأول'!$L3>0),'قياس الأداء للربع الأول'!$L3,0)+IF(AND('قياس الأداء للربع الثاني'!$Q3="معتمد",'قياس الأداء للربع الثاني'!$L3>0),'قياس الأداء للربع الثاني'!$L3,0)+IF(AND($T4="معتمد",$L4>0),$L4,0)),"")) | W4: =IF(AND($T4="معتمد",$K4>0),(IF('قياس الأداء للربع الأول'!$T3="معتمد",'قياس الأداء للربع الأول'!$M3,0)+IF('قياس الأداء للربع الثاني'!$Q3="معتمد",'قياس الأداء للربع الثاني'!$M3,0)+IF($T4="معتمد",$M4,0))/$K4,"") | X4: =A4&B4&C4&D4&E4&F4&G4&H4&I4&J4&K4&L4&M4&N4&O4&P4&Q4&R4&S4&T4&U4&V4&W4 -> ع1ع1-1متوسط ما تتحصل عليه الأسرة من الجمعية ريالكلما زاد كان أفضلربع سنويتقرير مالي بالمعونات المقدمة للأسر المستفيدة وعدد الأسر المستفيدةإدارة الرعاية و التمكين0200004000تحت المراجعة | AA4: البحث عن: | AB4: تح
A5: ع1 | B5: ع2-1 | C5: نسبة الأسر التي تم توفير الاحتياجات الضرورية لها | E5: نسبة | F5: كلما زاد كان أفضل | G5: ربع سنوي | H5: تقرير يصف الإحتياجات الضرورية المعرّفة في الجمعية والأسر المستفيدة منها | I5: إدارة الرعاية و التمكين | J5: 0 | K5: 0.94 | L5: 0.94 | N5: =IF(AND($T5="معتمد",$L5>0),$M5/$L5,"") | O5: =IF($T5="معتمد",$M5-$L5,"") | P5: =IF(AND($T5="معتمد",$L5>0),($M5-$L5)/$L5,"") | T5: تحت المراجعة | V5: =IF($T5<>"معتمد","",IFERROR((IF(AND('قياس الأداء للربع الأول'!$T4="معتمد",'قياس الأداء للربع الأول'!$L4>0),'قياس الأداء للربع الأول'!$M4,0)+IF(AND('قياس الأداء للربع الثاني'!$Q4="معتمد",'قياس الأداء للربع الثاني'!$L4>0),'قياس الأداء للربع الثاني'!$M4,0)+IF(AND($T5="معتمد",$L5>0),$M5,0))/(IF(AND('قياس الأداء للربع الأول'!$T4="معتمد",'قياس الأداء للربع الأول'!$L4>0),'قياس الأداء للربع الأول'!$L4,0)+IF(AND('قياس الأداء للربع الثاني'!$Q4="معتمد",'قياس الأداء للربع الثاني'!$L4>0),'قياس الأداء للربع الثاني'!$L4,0)+IF(AND($T5="معتمد",$L5>0),$L5,0)),"")) | W5: =IF(AND($T5="معتمد",$K5>0),(IF('قياس الأداء للربع الأول'!$T4="معتمد",'قياس الأداء للربع الأول'!$M4,0)+IF('قياس الأداء للربع الثاني'!$Q4="معتمد",'قياس الأداء للربع الثاني'!$M4,0)+IF($T5="معتمد",$M5,0))/$K5,"") | X5: =A5&B5&C5&D5&E5&F5&G5&H5&I5&J5&K5&L5&M5&N5&O5&P5&Q5&R5&S5&T5&U5&V5&W5 -> ع1ع2-1نسبة الأسر التي تم توفير الاحتياجات الضرورية لها نسبةكلما زاد كان أفضلربع سنويتقرير يصف الإحتياجات الضرورية المعرّفة في الجمعية والأسر المستفيدة منهاإدارة الرعاية و التمكين00.940.94تحت المراجعة
A6: ع2 | B6: ع1-2 | C6: عدد المستفيدين الذين تم تأهيلهم | E6: مستفيد | F6: كلما زاد كان أفضل | G6: ربع سنوي | H6: قائمة ببرامج التأهيل وعدد المستفيدين من كل برنامج | I6: إدارة الرعاية و التمكين | J6: 0 | K6: 450 | L6: 100 | N6: =IF(AND($T6="معتمد",$L6>0),$M6/$L6,"") | O6: =IF($T6="معتمد",$M6-$L6,"") | P6: =IF(AND($T6="معتمد",$L6>0),($M6-$L6)/$L6,"") | V6: =IF($T6<>"معتمد","",IFERROR((IF(AND('قياس الأداء للربع الأول'!$T5="معتمد",'قياس الأداء للربع الأول'!$L5>0),'قياس الأداء للربع الأول'!$M5,0)+IF(AND('قياس الأداء للربع الثاني'!$Q5="معتمد",'قياس الأداء للربع الثاني'!$L5>0),'قياس الأداء للربع الثاني'!$M5,0)+IF(AND($T6="معتمد",$L6>0),$M6,0))/(IF(AND('قياس الأداء للربع الأول'!$T5="معتمد",'قياس الأداء للربع الأول'!$L5>0),'قياس الأداء للربع الأول'!$L5,0)+IF(AND('قياس الأداء للربع الثاني'!$Q5="معتمد",'قياس الأداء للربع الثاني'!$L5>0),'قياس الأداء للربع الثاني'!$L5,0)+IF(AND($T6="معتمد",$L6>0),$L6,0)),"")) | W6: =IF(AND($T6="معتمد",$K6>0),(IF('قياس الأداء للربع الأول'!$T5="معتمد",'قياس الأداء للربع الأول'!$M5,0)+IF('قياس الأداء للربع الثاني'!$Q5="معتمد",'قياس الأداء للربع الثاني'!$M5,0)+IF($T6="معتمد",$M6,0))/$K6,"") | X6: =A6&B6&C6&D6&E6&F6&G6&H6&I6&J6&K6&L6&M6&N6&O6&P6&Q6&R6&S6&T6&U6&V6&W6 -> ع2ع1-2عدد المستفيدين الذين تم تأهيلهممستفيدكلما زاد كان أفضلربع سنويقائمة ببرامج التأهيل وعدد المستفيدين من كل برنامجإدارة الرعاية و التمكين0450100
A7: ع2 | B7: ع2-2 | C7: عدد الأسر التي استغنت عن خدمات الجمعيات | E7: أسرة | F7: كلما زاد كان أفضل | G7: ربع سنوي | H7: قائمة بمستفيدي الجمعية والأسر التي استغنت عن خدمات الجمعية | I7: إدارة التكافل المجتمعي | J7: 0 | K7: 50 | L7: 5 | N7: =IF(AND($T7="معتمد",$L7>0),$M7/$L7,"") | O7: =IF($T7="معتمد",$M7-$L7,"") | P7: =IF(AND($T7="معتمد",$L7>0),($M7-$L7)/$L7,"") | V7: =IF($T7<>"معتمد","",IFERROR((IF(AND('قياس الأداء للربع الأول'!$T6="معتمد",'قياس الأداء للربع الأول'!$L6>0),'قياس الأداء للربع الأول'!$M6,0)+IF(AND('قياس الأداء للربع الثاني'!$Q6="معتمد",'قياس الأداء للربع الثاني'!$L6>0),'قياس الأداء للربع الثاني'!$M6,0)+IF(AND($T7="معتمد",$L7>0),$M7,0))/(IF(AND('قياس الأداء للربع الأول'!$T6="معتمد",'قياس الأداء للربع الأول'!$L6>0),'قياس الأداء للربع الأول'!$L6,0)+IF(AND('قياس الأداء للربع الثاني'!$Q6="معتمد",'قياس الأداء للربع الثاني'!$L6>0),'قياس الأداء للربع الثاني'!$L6,0)+IF(AND($T7="معتمد",$L7>0),$L7,0)),"")) | W7: =IF(AND($T7="معتمد",$K7>0),(IF('قياس الأداء للربع الأول'!$T6="معتمد",'قياس الأداء للربع الأول'!$M6,0)+IF('قياس الأداء للربع الثاني'!$Q6="معتمد",'قياس الأداء للربع الثاني'!$M6,0)+IF($T7="معتمد",$M7,0))/$K7,"") | X7: =A7&B7&C7&D7&E7&F7&G7&H7&I7&J7&K7&L7&M7&N7&O7&P7&Q7&R7&S7&T7&U7&V7&W7 -> ع2ع2-2عدد الأسر التي استغنت عن خدمات الجمعياتأسرةكلما زاد كان أفضلربع سنويقائمة بمستفيدي الجمعية والأسر التي استغنت عن خدمات الجمعيةإدارة التكافل المجتمعي0505
A8: ع3 | B8: ع1-3 | C8: عدد المبادرات المنفذة لحماية الأسر من مسببات الفقر | E8: مبادرة | F8: كلما زاد كان أفضل | G8: ربع سنوي | H8: تقرير بالمبادرات المنفذة لحماية الأسر من مسببات الفقر | I8: إدارة التكافل المجتمعي | J8: 0 | K8: 7 | L8: 0 | N8: =IF(AND($T8="معتمد",$L8>0),$M8/$L8,"") | O8: =IF($T8="معتمد",$M8-$L8,"") | P8: =IF(AND($T8="معتمد",$L8>0),($M8-$L8)/$L8,"") | V8: =IF($T8<>"معتمد","",IFERROR((IF(AND('قياس الأداء للربع الأول'!$T7="معتمد",'قياس الأداء للربع الأول'!$L7>0),'قياس الأداء للربع الأول'!$M7,0)+IF(AND('قياس الأداء للربع الثاني'!$Q7="معتمد",'قياس الأداء للربع الثاني'!$L7>0),'قياس الأداء للربع الثاني'!$M7,0)+IF(AND($T8="معتمد",$L8>0),$M8,0))/(IF(AND('قياس الأداء للربع الأول'!$T7="معتمد",'قياس الأداء للربع الأول'!$L7>0),'قياس الأداء للربع الأول'!$L7,0)+IF(AND('قياس الأداء للربع الثاني'!$Q7="معتمد",'قياس الأداء للربع الثاني'!$L7>0),'قياس الأداء للربع الثاني'!$L7,0)+IF(AND($T8="معتمد",$L8>0),$L8,0)),"")) | W8: =IF(AND($T8="معتمد",$K8>0),(IF('قياس الأداء للربع الأول'!$T7="معتمد",'قياس الأداء للربع الأول'!$M7,0)+IF('قياس الأداء للربع الثاني'!$Q7="معتمد",'قياس الأداء للربع الثاني'!$M7,0)+IF($T8="معتمد",$M8,0))/$K8,"") | X8: =A8&B8&C8&D8&E8&F8&G8&H8&I8&J8&K8&L8&M8&N8&O8&P8&Q8&R8&S8&T8&U8&V8&W8 -> ع3ع1-3عدد المبادرات المنفذة لحماية الأسر من مسببات الفقرمبادرةكلما زاد كان أفضلربع سنويتقرير بالمبادرات المنفذة لحماية الأسر من مسببات الفقرإدارة التكافل المجتمعي070
A9: ع3 | B9: ع2-3 | C9: عدد المستفيدين من المبادرات | E9: مستفيد | F9: كلما زاد كان أفضل | G9: ربع سنوي | H9: تقرير بالمبادرات المنفذة لحماية الأسر من مسببات الفقر، ونوعها وعدد المستفيدين في كل مبادرة | I9: إدارة التكافل المجتمعي | J9: 0 | K9: 40000 | L9: 11000 | N9: =IF(AND($T9="معتمد",$L9>0),$M9/$L9,"") | O9: =IF($T9="معتمد",$M9-$L9,"") | P9: =IF(AND($T9="معتمد",$L9>0),($M9-$L9)/$L9,"") | V9: =IF($T9<>"معتمد","",IFERROR((IF(AND('قياس الأداء للربع الأول'!$T8="معتمد",'قياس الأداء للربع الأول'!$L8>0),'قياس الأداء للربع الأول'!$M8,0)+IF(AND('قياس الأداء للربع الثاني'!$Q8="معتمد",'قياس الأداء للربع الثاني'!$L8>0),'قياس الأداء للربع الثاني'!$M8,0)+IF(AND($T9="معتمد",$L9>0),$M9,0))/(IF(AND('قياس الأداء للربع الأول'!$T8="معتمد",'قياس الأداء للربع الأول'!$L8>0),'قياس الأداء للربع الأول'!$L8,0)+IF(AND('قياس الأداء للربع الثاني'!$Q8="معتمد",'قياس الأداء للربع الثاني'!$L8>0),'قياس الأداء للربع الثاني'!$L8,0)+IF(AND($T9="معتمد",$L9>0),$L9,0)),"")) | W9: =IF(AND($T9="معتمد",$K9>0),(IF('قياس الأداء للربع الأول'!$T8="معتمد",'قياس الأداء للربع الأول'!$M8,0)+IF('قياس الأداء للربع الثاني'!$Q8="معتمد",'قياس الأداء للربع الثاني'!$M8,0)+IF($T9="معتمد",$M9,0))/$K9,"") | X9: =A9&B9&C9&D9&E9&F9&G9&H9&I9&J9&K9&L9&M9&N9&O9&P9&Q9&R9&S9&T9&U9&V9&W9 -> ع3ع2-3عدد المستفيدين من المبادرات مستفيدكلما زاد كان أفضلربع سنويتقرير بالمبادرات المنفذة لحماية الأسر من مسببات الفقر، ونوعها وعدد المستفيدين في كل مبادرةإدارة التكافل المجتمعي04000011000 | AC9: رمزالهدف | AD9: رمزالمؤشر | AE9: اسم المؤشر | AF9: نوع المؤشر | AG9: وحدة القياس | AH9: الإتجاه | AI9: دورية القياس | AJ9: البيانات المطلوبة للقياس | AK9: الإدارة المالكة | AL9: خط الأساس | AM9: مستهدف عام 2026 | AN9: المستهدف للربع الأول | AO9: المتحقق الفعلي للربع الأول | AP9: نسبة الإنجاز Q1 | AQ9: قيمة الانحراف Q1 | AR9: نسبة الانحراف Q1 | AS9: ماذا حصل Q1؟ | AT9: كيف حصل Q1؟ | AU9: إرفاق شواهد Q1 | AV9: حالة الإعتماد | AW9: توصيات قسم الاستراتيجية | AX9: الأداء السنوي
A10: ع4 | B10: ع1-4 | C10: عدد مشاريع المشاركة المجتمعية التي نفذتها الجمعية | D10: تشغيلي | E10: مشروع | F10: كلما زاد كان أفضل | G10: ربع سنوي | H10: قائمة ببرامج المشاركة المجتمعية المنفذة | I10: إدارة التكافل المجتمعي | J10: 0 | K10: 7 | L10: 0 | M10: 50 | N10: =IF(AND($T10="معتمد",$L10>0),$M10/$L10,"") | O10: =IF($T10="معتمد",$M10-$L10,"") -> 50 | P10: =IF(AND($T10="معتمد",$L10>0),($M10-$L10)/$L10,"") | Q10: ادخال | R10: ادخال | S10: رابط | T10: معتمد | V10: =IF($T10<>"معتمد","",IFERROR((IF(AND('قياس الأداء للربع الأول'!$T9="معتمد",'قياس الأداء للربع الأول'!$L9>0),'قياس الأداء للربع الأول'!$M9,0)+IF(AND('قياس الأداء للربع الثاني'!$Q9="معتمد",'قياس الأداء للربع الثاني'!$L9>0),'قياس الأداء للربع الثاني'!$M9,0)+IF(AND($T10="معتمد",$L10>0),$M10,0))/(IF(AND('قياس الأداء للربع الأول'!$T9="معتمد",'قياس الأداء للربع الأول'!$L9>0),'قياس الأداء للربع الأول'!$L9,0)+IF(AND('قياس الأداء للربع الثاني'!$Q9="معتمد",'قياس الأداء للربع الثاني'!$L9>0),'قياس الأداء للربع الثاني'!$L9,0)+IF(AND($T10="معتمد",$L10>0),$L10,0)),"")) | W10: =IF(AND($T10="معتمد",$K10>0),(IF('قياس الأداء للربع الأول'!$T9="معتمد",'قياس الأداء للربع الأول'!$M9,0)+IF('قياس الأداء للربع الثاني'!$Q9="معتمد",'قياس الأداء للربع الثاني'!$M9,0)+IF($T10="معتمد",$M10,0))/$K10,"") -> 7.1428571 | X10: =A10&B10&C10&D10&E10&F10&G10&H10&I10&J10&K10&L10&M10&N10&O10&P10&Q10&R10&S10&T10&U10&V10&W10 -> ع4ع1-4عدد مشاريع المشاركة المجتمعية التي نفذتها الجمعيةتشغيليمشروعكلما زاد كان أفضلربع سنويقائمة ببرامج المشاركة المجتمعية المنفذةإدارة التكافل المجتمعي0705050ادخال ادخالرابطمعتمد7.14285714285714 | AB10: {=_xlfn._xlws.FILTER(الجدول423[],ISNUMBER(SEARCH(AA4,#REF!)),"غير موجود")} -> #VALUE! | AC10: #VALUE! | AD10: #VALUE! | AE10: #VALUE! | AF10: #VALUE! | AG10: #VALUE! | AH10: #VALUE! | AI10: #VALUE! | AJ10: #VALUE! | AK10: #VALUE! | AL10: #VALUE! | AM10: #VALUE! | AN10: #VALUE! | AO10: #VALUE! | AP10: #VALUE! | AQ10: #VALUE! | AR10: #VALUE! | AS10: #VALUE! | AT10: #VALUE! | AU10: #VALUE! | AV10: #VALUE! | AW10: #VALUE! | AX10: #VALUE! | AY10: ع1ع1-1متوسط ما تتحصل عليه الأسرة من الجمعية ريالكلما زاد كان أفضلربع سنويتقرير مالي بالمعونات المقدمة للأسر المستفيدة وعدد الأسر المستفيدةإدارة الرعاية و التمكين02000040000.0005معتمد
A11: ع4 | B11: ع2-4 | C11: عدد المشاركين من المجتمع في برامج المشاركة المجتمعية | E11: مشارك | F11: كلما زاد كان أفضل | G11: ربع سنوي | H11: قائمة ببرامج المشاركة المجتمعية المنفذة وعدد المشاركين | I11: إدارة التكافل المجتمعي | J11: 0 | K11: 70000 | L11: 20000 | N11: =IF(AND($T11="معتمد",$L11>0),$M11/$L11,"") | O11: =IF($T11="معتمد",$M11-$L11,"") | P11: =IF(AND($T11="معتمد",$L11>0),($M11-$L11)/$L11,"") | V11: =IF($T11<>"معتمد","",IFERROR((IF(AND('قياس الأداء للربع الأول'!$T10="معتمد",'قياس الأداء للربع الأول'!$L10>0),'قياس الأداء للربع الأول'!$M10,0)+IF(AND('قياس الأداء للربع الثاني'!$Q10="معتمد",'قياس الأداء للربع الثاني'!$L10>0),'قياس الأداء للربع الثاني'!$M10,0)+IF(AND($T11="معتمد",$L11>0),$M11,0))/(IF(AND('قياس الأداء للربع الأول'!$T10="معتمد",'قياس الأداء للربع الأول'!$L10>0),'قياس الأداء للربع الأول'!$L10,0)+IF(AND('قياس الأداء للربع الثاني'!$Q10="معتمد",'قياس الأداء للربع الثاني'!$L10>0),'قياس الأداء للربع الثاني'!$L10,0)+IF(AND($T11="معتمد",$L11>0),$L11,0)),"")) | W11: =IF(AND($T11="معتمد",$K11>0),(IF('قياس الأداء للربع الأول'!$T10="معتمد",'قياس الأداء للربع الأول'!$M10,0)+IF('قياس الأداء للربع الثاني'!$Q10="معتمد",'قياس الأداء للربع الثاني'!$M10,0)+IF($T11="معتمد",$M11,0))/$K11,"") | X11: =A11&B11&C11&D11&E11&F11&G11&H11&I11&J11&K11&L11&M11&N11&O11&P11&Q11&R11&S11&T11&U11&V11&W11 -> ع4ع2-4عدد المشاركين من المجتمع في برامج المشاركة المجتمعيةمشارككلما زاد كان أفضلربع سنويقائمة ببرامج المشاركة المجتمعية المنفذة وعدد المشاركينإدارة التكافل المجتمعي07000020000 | AB11: #VALUE! | AC11: #VALUE! | AD11: #VALUE! | AE11: #VALUE! | AF11: #VALUE! | AG11: #VALUE! | AH11: #VALUE! | AI11: #VALUE! | AJ11: #VALUE! | AK11: #VALUE! | AL11: #VALUE! | AM11: #VALUE! | AN11: #VALUE! | AO11: #VALUE! | AP11: #VALUE! | AQ11: #VALUE! | AR11: #VALUE! | AS11: #VALUE! | AT11: #VALUE! | AU11: #VALUE! | AV11: #VALUE! | AW11: #VALUE! | AX11: #VALUE! | AY11: ع1ع1-1متوسط ما تتحصل عليه الأسرة من الجمعية ريالكلما زاد كان أفضلربع سنويتقرير مالي بالمعونات المقدمة للأسر المستفيدة وعدد الأسر المستفيدةإدارة الرعاية و التمكين02000040000.0005تحت المراجعة
A12: م1 | B12: م1-1 | C12: صافي أرباح المصادر الثابتة | E12: ريال | F12: كلما زاد كان أفضل | G12: ربع سنوي | H12: تقرير مالي بالإيرادات والمصروفات المالية للجمعية | I12: إدارة الشؤون المالية و الإدارية | J12: 0 | K12: 1500000 | L12: 300000 | N12: =IF(AND($T12="معتمد",$L12>0),$M12/$L12,"") | O12: =IF($T12="معتمد",$M12-$L12,"") | P12: =IF(AND($T12="معتمد",$L12>0),($M12-$L12)/$L12,"") | V12: =IF($T12<>"معتمد","",IFERROR((IF(AND('قياس الأداء للربع الأول'!$T11="معتمد",'قياس الأداء للربع الأول'!$L11>0),'قياس الأداء للربع الأول'!$M11,0)+IF(AND('قياس الأداء للربع الثاني'!$Q11="معتمد",'قياس الأداء للربع الثاني'!$L11>0),'قياس الأداء للربع الثاني'!$M11,0)+IF(AND($T12="معتمد",$L12>0),$M12,0))/(IF(AND('قياس الأداء للربع الأول'!$T11="معتمد",'قياس الأداء للربع الأول'!$L11>0),'قياس الأداء للربع الأول'!$L11,0)+IF(AND('قياس الأداء للربع الثاني'!$Q11="معتمد",'قياس الأداء للربع الثاني'!$L11>0),'قياس الأداء للربع الثاني'!$L11,0)+IF(AND($T12="معتمد",$L12>0),$L12,0)),"")) | W12: =IF(AND($T12="معتمد",$K12>0),(IF('قياس الأداء للربع الأول'!$T11="معتمد",'قياس الأداء للربع الأول'!$M11,0)+IF('قياس الأداء للربع الثاني'!$Q11="معتمد",'قياس الأداء للربع الثاني'!$M11,0)+IF($T12="معتمد",$M12,0))/$K12,"") | X12: =A12&B12&C12&D12&E12&F12&G12&H12&I12&J12&K12&L12&M12&N12&O12&P12&Q12&R12&S12&T12&U12&V12&W12 -> م1م1-1صافي أرباح المصادر الثابتةريالكلما زاد كان أفضلربع سنويتقرير مالي بالإيرادات والمصروفات المالية للجمعيةإدارة الشؤون المالية و الإدارية01500000300000 | AB12: #VALUE! | AC12: #VALUE! | AD12: #VALUE! | AE12: #VALUE! | AF12: #VALUE! | AG12: #VALUE! | AH12: #VALUE! | AI12: #VALUE! | AJ12: #VALUE! | AK12: #VALUE! | AL12: #VALUE! | AM12: #VALUE! | AN12: #VALUE! | AO12: #VALUE! | AP12: #VALUE! | AQ12: #VALUE! | AR12: #VALUE! | AS12: #VALUE! | AT12: #VALUE! | AU12: #VALUE! | AV12: #VALUE! | AW12: #VALUE! | AX12: #VALUE! | AY12: ع1ع2-1نسبة الأسر التي تم توفير الاحتياجات الضرورية لها نسبةكلما زاد كان أفضلربع سنويتقرير يصف الإحتياجات الضرورية المعرّفة في الجمعية والأسر المستفيدة منهاإدارة الرعاية و التمكين00.940.9410.63829787234041001تحت المراجعة1
A13: م1 | B13: م2-1 | C13: صافي أرباح الاستثمارات | E13: ريال | F13: كلما زاد كان أفضل | G13: ربع سنوي | H13: تقرير بإيرادات ومصروفات الإستثمارات المالية | I13: إدارة الإستدامة | J13: 0 | K13: 10350000 | L13: 0 | N13: =IF(AND($T13="معتمد",$L13>0),$M13/$L13,"") | O13: =IF($T13="معتمد",$M13-$L13,"") | P13: =IF(AND($T13="معتمد",$L13>0),($M13-$L13)/$L13,"") | V13: =IF($T13<>"معتمد","",IFERROR((IF(AND('قياس الأداء للربع الأول'!$T12="معتمد",'قياس الأداء للربع الأول'!$L12>0),'قياس الأداء للربع الأول'!$M12,0)+IF(AND('قياس الأداء للربع الثاني'!$Q12="معتمد",'قياس الأداء للربع الثاني'!$L12>0),'قياس الأداء للربع الثاني'!$M12,0)+IF(AND($T13="معتمد",$L13>0),$M13,0))/(IF(AND('قياس الأداء للربع الأول'!$T12="معتمد",'قياس الأداء للربع الأول'!$L12>0),'قياس الأداء للربع الأول'!$L12,0)+IF(AND('قياس الأداء للربع الثاني'!$Q12="معتمد",'قياس الأداء للربع الثاني'!$L12>0),'قياس الأداء للربع الثاني'!$L12,0)+IF(AND($T13="معتمد",$L13>0),$L13,0)),"")) | W13: =IF(AND($T13="معتمد",$K13>0),(IF('قياس الأداء للربع الأول'!$T12="معتمد",'قياس الأداء للربع الأول'!$M12,0)+IF('قياس الأداء للربع الثاني'!$Q12="معتمد",'قياس الأداء للربع الثاني'!$M12,0)+IF($T13="معتمد",$M13,0))/$K13,"") | X13: =A13&B13&C13&D13&E13&F13&G13&H13&I13&J13&K13&L13&M13&N13&O13&P13&Q13&R13&S13&T13&U13&V13&W13 -> م1م2-1صافي أرباح الاستثماراتريالكلما زاد كان أفضلربع سنويتقرير بإيرادات ومصروفات الإستثمارات الماليةإدارة الإستدامة0103500000 | AB13: #VALUE! | AC13: #VALUE! | AD13: #VALUE! | AE13: #VALUE! | AF13: #VALUE! | AG13: #VALUE! | AH13: #VALUE! | AI13: #VALUE! | AJ13: #VALUE! | AK13: #VALUE! | AL13: #VALUE! | AM13: #VALUE! | AN13: #VALUE! | AO13: #VALUE! | AP13: #VALUE! | AQ13: #VALUE! | AR13: #VALUE! | AS13: #VALUE! | AT13: #VALUE! | AU13: #VALUE! | AV13: #VALUE! | AW13: #VALUE! | AX13: #VALUE! | AY13: ن3ن2-3إجمالي تكلفة المبادرات التحفيزية للعاملين ريالكلما زاد كان أفضلربع سنويتقرير بالمبادرات المنفذة لتحفيز العاملين وتكاليفها الماليةإدارة الأداء و النمو070000200000.000142857142857143
A14: م2 | B14: م1-2 | C14: عدد مصادر الدخل (الجديدة) | E14: مصدر دخل | F14: كلما زاد كان أفضل | G14: ربع سنوي | H14: تقرير بمصادر الدخل الجديدة وإيراداتها | I14: إدارة الإتصال المؤسسي | J14: 0 | K14: 1 | L14: 0 | N14: =IF(AND($T14="معتمد",$L14>0),$M14/$L14,"") | O14: =IF($T14="معتمد",$M14-$L14,"") | P14: =IF(AND($T14="معتمد",$L14>0),($M14-$L14)/$L14,"") | V14: =IF($T14<>"معتمد","",IFERROR((IF(AND('قياس الأداء للربع الأول'!$T13="معتمد",'قياس الأداء للربع الأول'!$L13>0),'قياس الأداء للربع الأول'!$M13,0)+IF(AND('قياس الأداء للربع الثاني'!$Q13="معتمد",'قياس الأداء للربع الثاني'!$L13>0),'قياس الأداء للربع الثاني'!$M13,0)+IF(AND($T14="معتمد",$L14>0),$M14,0))/(IF(AND('قياس الأداء للربع الأول'!$T13="معتمد",'قياس الأداء للربع الأول'!$L13>0),'قياس الأداء للربع الأول'!$L13,0)+IF(AND('قياس الأداء للربع الثاني'!$Q13="معتمد",'قياس الأداء للربع الثاني'!$L13>0),'قياس الأداء للربع الثاني'!$L13,0)+IF(AND($T14="معتمد",$L14>0),$L14,0)),"")) | W14: =IF(AND($T14="معتمد",$K14>0),(IF('قياس الأداء للربع الأول'!$T13="معتمد",'قياس الأداء للربع الأول'!$M13,0)+IF('قياس الأداء للربع الثاني'!$Q13="معتمد",'قياس الأداء للربع الثاني'!$M13,0)+IF($T14="معتمد",$M14,0))/$K14,"") | X14: =A14&B14&C14&D14&E14&F14&G14&H14&I14&J14&K14&L14&M14&N14&O14&P14&Q14&R14&S14&T14&U14&V14&W14 -> م2م1-2عدد مصادر الدخل (الجديدة)مصدر دخلكلما زاد كان أفضلربع سنويتقرير بمصادر الدخل الجديدة وإيراداتهاإدارة الإتصال المؤسسي010 | AB14: #VALUE! | AC14: #VALUE! | AD14: #VALUE! | AE14: #VALUE! | AF14: #VALUE! | AG14: #VALUE! | AH14: #VALUE! | AI14: #VALUE! | AJ14: #VALUE! | AK14: #VALUE! | AL14: #VALUE! | AM14: #VALUE! | AN14: #VALUE! | AO14: #VALUE! | AP14: #VALUE! | AQ14: #VALUE! | AR14: #VALUE! | AS14: #VALUE! | AT14: #VALUE! | AU14: #VALUE! | AV14: #VALUE! | AW14: #VALUE! | AX14: #VALUE! | AY14: ن4ن2-4الدرجة المتحصلة في معايير الحوكمةدرجةكلما زاد كان أفضلسنويتقرير قياس المعيارإدارة الأداء و النمو01110
A15: م2 | B15: م2-2 | C15: إجمالي الإيرادات من مصادر الدخل الجديدة | E15: ريال | F15: كلما زاد كان أفضل | G15: ربع سنوي | H15: تقرير مالي بالإيرادات المالية للجمعية | I15: إدارة الإتصال المؤسسي | J15: 0 | K15: 50000 | L15: 0 | N15: =IF(AND($T15="معتمد",$L15>0),$M15/$L15,"") | O15: =IF($T15="معتمد",$M15-$L15,"") | P15: =IF(AND($T15="معتمد",$L15>0),($M15-$L15)/$L15,"") | V15: =IF($T15<>"معتمد","",IFERROR((IF(AND('قياس الأداء للربع الأول'!$T14="معتمد",'قياس الأداء للربع الأول'!$L14>0),'قياس الأداء للربع الأول'!$M14,0)+IF(AND('قياس الأداء للربع الثاني'!$Q14="معتمد",'قياس الأداء للربع الثاني'!$L14>0),'قياس الأداء للربع الثاني'!$M14,0)+IF(AND($T15="معتمد",$L15>0),$M15,0))/(IF(AND('قياس الأداء للربع الأول'!$T14="معتمد",'قياس الأداء للربع الأول'!$L14>0),'قياس الأداء للربع الأول'!$L14,0)+IF(AND('قياس الأداء للربع الثاني'!$Q14="معتمد",'قياس الأداء للربع الثاني'!$L14>0),'قياس الأداء للربع الثاني'!$L14,0)+IF(AND($T15="معتمد",$L15>0),$L15,0)),"")) | W15: =IF(AND($T15="معتمد",$K15>0),(IF('قياس الأداء للربع الأول'!$T14="معتمد",'قياس الأداء للربع الأول'!$M14,0)+IF('قياس الأداء للربع الثاني'!$Q14="معتمد",'قياس الأداء للربع الثاني'!$M14,0)+IF($T15="معتمد",$M15,0))/$K15,"") | X15: =A15&B15&C15&D15&E15&F15&G15&H15&I15&J15&K15&L15&M15&N15&O15&P15&Q15&R15&S15&T15&U15&V15&W15 -> م2م2-2إجمالي الإيرادات من مصادر الدخل الجديدةريالكلما زاد كان أفضلربع سنويتقرير مالي بالإيرادات المالية للجمعيةإدارة الإتصال المؤسسي0500000 | AB15: #VALUE! | AC15: #VALUE! | AD15: #VALUE! | AE15: #VALUE! | AF15: #VALUE! | AG15: #VALUE! | AH15: #VALUE! | AI15: #VALUE! | AJ15: #VALUE! | AK15: #VALUE! | AL15: #VALUE! | AM15: #VALUE! | AN15: #VALUE! | AO15: #VALUE! | AP15: #VALUE! | AQ15: #VALUE! | AR15: #VALUE! | AS15: #VALUE! | AT15: #VALUE! | AU15: #VALUE! | AV15: #VALUE! | AW15: #VALUE! | AX15: #VALUE! | AY15: FIN-02FIN-02-KPI-01نسبة تحصيل المستحقات الماليةنسبةكلما زاد كان أفضلربع سنويتقريرإدارة الأداء و النمو0100000200000.0001
A16: م2 | B16: م3-2 | C16: إجمالي التبرعات | E16: ريال | F16: كلما زاد كان أفضل | G16: ربع سنوي | H16: تقرير مالي بالتبرعات في الفترة الحالية والفترة السابقة | I16: إدارة الإتصال المؤسسي | J16: 0 | K16: 0 | L16: 0 | N16: =IF(AND($T16="معتمد",$L16>0),$M16/$L16,"") | O16: =IF($T16="معتمد",$M16-$L16,"") | P16: =IF(AND($T16="معتمد",$L16>0),($M16-$L16)/$L16,"") | V16: =IF($T16<>"معتمد","",IFERROR((IF(AND('قياس الأداء للربع الأول'!$T15="معتمد",'قياس الأداء للربع الأول'!$L15>0),'قياس الأداء للربع الأول'!$M15,0)+IF(AND('قياس الأداء للربع الثاني'!$Q15="معتمد",'قياس الأداء للربع الثاني'!$L15>0),'قياس الأداء للربع الثاني'!$M15,0)+IF(AND($T16="معتمد",$L16>0),$M16,0))/(IF(AND('قياس الأداء للربع الأول'!$T15="معتمد",'قياس الأداء للربع الأول'!$L15>0),'قياس الأداء للربع الأول'!$L15,0)+IF(AND('قياس الأداء للربع الثاني'!$Q15="معتمد",'قياس الأداء للربع الثاني'!$L15>0),'قياس الأداء للربع الثاني'!$L15,0)+IF(AND($T16="معتمد",$L16>0),$L16,0)),"")) | W16: =IF(AND($T16="معتمد",$K16>0),(IF('قياس الأداء للربع الأول'!$T15="معتمد",'قياس الأداء للربع الأول'!$M15,0)+IF('قياس الأداء للربع الثاني'!$Q15="معتمد",'قياس الأداء للربع الثاني'!$M15,0)+IF($T16="معتمد",$M16,0))/$K16,"") | X16: =A16&B16&C16&D16&E16&F16&G16&H16&I16&J16&K16&L16&M16&N16&O16&P16&Q16&R16&S16&T16&U16&V16&W16 -> م2م3-2إجمالي التبرعاتريالكلما زاد كان أفضلربع سنويتقرير مالي بالتبرعات في الفترة الحالية والفترة السابقةإدارة الإتصال المؤسسي000 | AB16: #VALUE! | AC16: #VALUE! | AD16: #VALUE! | AE16: #VALUE! | AF16: #VALUE! | AG16: #VALUE! | AH16: #VALUE! | AI16: #VALUE! | AJ16: #VALUE! | AK16: #VALUE! | AL16: #VALUE! | AM16: #VALUE! | AN16: #VALUE! | AO16: #VALUE! | AP16: #VALUE! | AQ16: #VALUE! | AR16: #VALUE! | AS16: #VALUE! | AT16: #VALUE! | AU16: #VALUE! | AV16: #VALUE! | AW16: #VALUE! | AX16: #VALUE! | AY16: STR-03STR-03-KPI-01نسبة التقدم في تحقيق مؤشرات الأداء المعتمدة و التشغيليةنسبةكلما زاد كان أفضلربع سنويتقريرإدارة الأداء و النمو00.70.5514.2857142857143
A17: د1 | B17: د1-1 | C17: عدد البرامج المبتكرة التي تم تصميمها | E17: برامج | F17: كلما زاد كان أفضل | G17: ربع سنوي | H17: قائمة بالبرامج التي صممتها الجمعية | I17: إدارة الرعاية و التمكين،إدارة التكافل المجتمعي | J17: 0 | K17: 14 | L17: 3 | N17: =IF(AND($T17="معتمد",$L17>0),$M17/$L17,"") | O17: =IF($T17="معتمد",$M17-$L17,"") | P17: =IF(AND($T17="معتمد",$L17>0),($M17-$L17)/$L17,"") | V17: =IF($T17<>"معتمد","",IFERROR((IF(AND('قياس الأداء للربع الأول'!$T16="معتمد",'قياس الأداء للربع الأول'!$L16>0),'قياس الأداء للربع الأول'!$M16,0)+IF(AND('قياس الأداء للربع الثاني'!$Q16="معتمد",'قياس الأداء للربع الثاني'!$L16>0),'قياس الأداء للربع الثاني'!$M16,0)+IF(AND($T17="معتمد",$L17>0),$M17,0))/(IF(AND('قياس الأداء للربع الأول'!$T16="معتمد",'قياس الأداء للربع الأول'!$L16>0),'قياس الأداء للربع الأول'!$L16,0)+IF(AND('قياس الأداء للربع الثاني'!$Q16="معتمد",'قياس الأداء للربع الثاني'!$L16>0),'قياس الأداء للربع الثاني'!$L16,0)+IF(AND($T17="معتمد",$L17>0),$L17,0)),"")) | W17: =IF(AND($T17="معتمد",$K17>0),(IF('قياس الأداء للربع الأول'!$T16="معتمد",'قياس الأداء للربع الأول'!$M16,0)+IF('قياس الأداء للربع الثاني'!$Q16="معتمد",'قياس الأداء للربع الثاني'!$M16,0)+IF($T17="معتمد",$M17,0))/$K17,"") | X17: =A17&B17&C17&D17&E17&F17&G17&H17&I17&J17&K17&L17&M17&N17&O17&P17&Q17&R17&S17&T17&U17&V17&W17 -> د1د1-1عدد البرامج المبتكرة التي تم تصميمهابرامجكلما زاد كان أفضلربع سنويقائمة بالبرامج التي صممتها الجمعيةإدارة الرعاية و التمكين،إدارة التكافل المجتمعي0143 | AB17: #VALUE! | AC17: #VALUE! | AD17: #VALUE! | AE17: #VALUE! | AF17: #VALUE! | AG17: #VALUE! | AH17: #VALUE! | AI17: #VALUE! | AJ17: #VALUE! | AK17: #VALUE! | AL17: #VALUE! | AM17: #VALUE! | AN17: #VALUE! | AO17: #VALUE! | AP17: #VALUE! | AQ17: #VALUE! | AR17: #VALUE! | AS17: #VALUE! | AT17: #VALUE! | AU17: #VALUE! | AV17: #VALUE! | AW17: #VALUE! | AX17: #VALUE! | AY17: STR-03STR-03-KPI-03نسبة القرارات التنفيذية المبنية على تحليل بيانات الأداءنسبةكلما زاد كان أفضلربع سنويتقريرإدارة الأداء و النمو00.60.316.6666666666667
A18: د1 | B18: د2-1 | C18: عدد الخدمات المبتكرة التي تم تصميمها | E18: خدمة | F18: كلما زاد كان أفضل | G18: ربع سنوي | H18: قائمة بالخدمات التي صممتها الجمعية | I18: إدارة الرعاية و التمكين،إدارة التكافل المجتمعي | J18: 0 | K18: 18 | L18: 3 | N18: =IF(AND($T18="معتمد",$L18>0),$M18/$L18,"") | O18: =IF($T18="معتمد",$M18-$L18,"") | P18: =IF(AND($T18="معتمد",$L18>0),($M18-$L18)/$L18,"") | V18: =IF($T18<>"معتمد","",IFERROR((IF(AND('قياس الأداء للربع الأول'!$T17="معتمد",'قياس الأداء للربع الأول'!$L17>0),'قياس الأداء للربع الأول'!$M17,0)+IF(AND('قياس الأداء للربع الثاني'!$Q17="معتمد",'قياس الأداء للربع الثاني'!$L17>0),'قياس الأداء للربع الثاني'!$M17,0)+IF(AND($T18="معتمد",$L18>0),$M18,0))/(IF(AND('قياس الأداء للربع الأول'!$T17="معتمد",'قياس الأداء للربع الأول'!$L17>0),'قياس الأداء للربع الأول'!$L17,0)+IF(AND('قياس الأداء للربع الثاني'!$Q17="معتمد",'قياس الأداء للربع الثاني'!$L17>0),'قياس الأداء للربع الثاني'!$L17,0)+IF(AND($T18="معتمد",$L18>0),$L18,0)),"")) | W18: =IF(AND($T18="معتمد",$K18>0),(IF('قياس الأداء للربع الأول'!$T17="معتمد",'قياس الأداء للربع الأول'!$M17,0)+IF('قياس الأداء للربع الثاني'!$Q17="معتمد",'قياس الأداء للربع الثاني'!$M17,0)+IF($T18="معتمد",$M18,0))/$K18,"") | X18: =A18&B18&C18&D18&E18&F18&G18&H18&I18&J18&K18&L18&M18&N18&O18&P18&Q18&R18&S18&T18&U18&V18&W18 -> د1د2-1عدد الخدمات المبتكرة التي تم تصميمهاخدمةكلما زاد كان أفضلربع سنويقائمة بالخدمات التي صممتها الجمعيةإدارة الرعاية و التمكين،إدارة التكافل المجتمعي0183 | AB18: #VALUE! | AC18: #VALUE! | AD18: #VALUE! | AE18: #VALUE! | AF18: #VALUE! | AG18: #VALUE! | AH18: #VALUE! | AI18: #VALUE! | AJ18: #VALUE! | AK18: #VALUE! | AL18: #VALUE! | AM18: #VALUE! | AN18: #VALUE! | AO18: #VALUE! | AP18: #VALUE! | AQ18: #VALUE! | AR18: #VALUE! | AS18: #VALUE! | AT18: #VALUE! | AU18: #VALUE! | AV18: #VALUE! | AW18: #VALUE! | AX18: #VALUE! | AY18: PRG-03PRG-03-KPI-01نسبة تحقيق مستهدف الاستعانة بالخبراء والكفاءات المتخصصةنسبةكلما زاد كان أفضلربع سنويتقريرإدارة الأداء و النمو01011
A19: د2 | B19: د1-2 | C19: نسبة مصاريف البرامج والأنشطة إلى إجمالي المصاريف | E19: نسبة | F19: كلما زاد كان أفضل | G19: ربع سنوي | H19: تقرير مالي موضح فيه جميع المصروفات (المصروفات الإدارية والعمومية، مصروفات النشاط) | I19: إدارة الشؤون المالية و الإدارية | J19: 0 | K19: 0.85 | L19: 0.8 | N19: =IF(AND($T19="معتمد",$L19>0),$M19/$L19,"") | O19: =IF($T19="معتمد",$M19-$L19,"") | P19: =IF(AND($T19="معتمد",$L19>0),($M19-$L19)/$L19,"") | V19: =IF($T19<>"معتمد","",IFERROR((IF(AND('قياس الأداء للربع الأول'!$T18="معتمد",'قياس الأداء للربع الأول'!$L18>0),'قياس الأداء للربع الأول'!$M18,0)+IF(AND('قياس الأداء للربع الثاني'!$Q18="معتمد",'قياس الأداء للربع الثاني'!$L18>0),'قياس الأداء للربع الثاني'!$M18,0)+IF(AND($T19="معتمد",$L19>0),$M19,0))/(IF(AND('قياس الأداء للربع الأول'!$T18="معتمد",'قياس الأداء للربع الأول'!$L18>0),'قياس الأداء للربع الأول'!$L18,0)+IF(AND('قياس الأداء للربع الثاني'!$Q18="معتمد",'قياس الأداء للربع الثاني'!$L18>0),'قياس الأداء للربع الثاني'!$L18,0)+IF(AND($T19="معتمد",$L19>0),$L19,0)),"")) | W19: =IF(AND($T19="معتمد",$K19>0),(IF('قياس الأداء للربع الأول'!$T18="معتمد",'قياس الأداء للربع الأول'!$M18,0)+IF('قياس الأداء للربع الثاني'!$Q18="معتمد",'قياس الأداء للربع الثاني'!$M18,0)+IF($T19="معتمد",$M19,0))/$K19,"") | X19: =A19&B19&C19&D19&E19&F19&G19&H19&I19&J19&K19&L19&M19&N19&O19&P19&Q19&R19&S19&T19&U19&V19&W19 -> د2د1-2نسبة مصاريف البرامج والأنشطة إلى إجمالي المصاريفنسبةكلما زاد كان أفضلربع سنويتقرير مالي موضح فيه جميع المصروفات (المصروفات الإدارية والعمومية، مصروفات النشاط)إدارة الشؤون المالية و الإدارية00.850.8 | AB19: #VALUE! | AC19: #VALUE! | AD19: #VALUE! | AE19: #VALUE! | AF19: #VALUE! | AG19: #VALUE! | AH19: #VALUE! | AI19: #VALUE! | AJ19: #VALUE! | AK19: #VALUE! | AL19: #VALUE! | AM19: #VALUE! | AN19: #VALUE! | AO19: #VALUE! | AP19: #VALUE! | AQ19: #VALUE! | AR19: #VALUE! | AS19: #VALUE! | AT19: #VALUE! | AU19: #VALUE! | AV19: #VALUE! | AW19: #VALUE! | AX19: #VALUE! | AY19: EXP-01EXP-01-KPI-01نسبة تحقيق مستهدف انتشار خدمات الإدارةنسبةكلما زاد كان أفضلربع سنويتقريرإدارة الأداء و النمو060150.166666666666667
A20: د2 | B20: د2-2 | C20: عدد العمليات التي تم تجويدها (تطويرها) | E20: عملية | F20: كلما زاد كان أفضل | G20: ربع سنوي | H20: قائمة بالعمليات المطورة وبيان التطوير الذي تم عليها وتاريخ التطوير والإعتماد | I20: إدارة الشؤون المالية و الإدارية،إدارة الأداء و النمو | J20: 0 | K20: 1 | L20: 0 | N20: =IF(AND($T20="معتمد",$L20>0),$M20/$L20,"") | O20: =IF($T20="معتمد",$M20-$L20,"") | P20: =IF(AND($T20="معتمد",$L20>0),($M20-$L20)/$L20,"") | V20: =IF($T20<>"معتمد","",IFERROR((IF(AND('قياس الأداء للربع الأول'!$T19="معتمد",'قياس الأداء للربع الأول'!$L19>0),'قياس الأداء للربع الأول'!$M19,0)+IF(AND('قياس الأداء للربع الثاني'!$Q19="معتمد",'قياس الأداء للربع الثاني'!$L19>0),'قياس الأداء للربع الثاني'!$M19,0)+IF(AND($T20="معتمد",$L20>0),$M20,0))/(IF(AND('قياس الأداء للربع الأول'!$T19="معتمد",'قياس الأداء للربع الأول'!$L19>0),'قياس الأداء للربع الأول'!$L19,0)+IF(AND('قياس الأداء للربع الثاني'!$Q19="معتمد",'قياس الأداء للربع الثاني'!$L19>0),'قياس الأداء للربع الثاني'!$L19,0)+IF(AND($T20="معتمد",$L20>0),$L20,0)),"")) | W20: =IF(AND($T20="معتمد",$K20>0),(IF('قياس الأداء للربع الأول'!$T19="معتمد",'قياس الأداء للربع الأول'!$M19,0)+IF('قياس الأداء للربع الثاني'!$Q19="معتمد",'قياس الأداء للربع الثاني'!$M19,0)+IF($T20="معتمد",$M20,0))/$K20,"") | X20: =A20&B20&C20&D20&E20&F20&G20&H20&I20&J20&K20&L20&M20&N20&O20&P20&Q20&R20&S20&T20&U20&V20&W20 -> د2د2-2عدد العمليات التي تم تجويدها (تطويرها)عمليةكلما زاد كان أفضلربع سنويقائمة بالعمليات المطورة وبيان التطوير الذي تم عليها وتاريخ التطوير والإعتمادإدارة الشؤون المالية و الإدارية،إدارة الأداء و النمو010
A21: د3 | B21: د1-3 | C21: نسبة نضج واستدامة البيئة التقنية | E21: نسبة | F21: كلما زاد كان أفضل | G21: ربع سنوي | H21: تقرير بالعمليات | I21: إدارة الشؤون المالية و الإدارية | J21: 0 | K21: 1 | L21: 0.95 | N21: =IF(AND($T21="معتمد",$L21>0),$M21/$L21,"") | O21: =IF($T21="معتمد",$M21-$L21,"") | P21: =IF(AND($T21="معتمد",$L21>0),($M21-$L21)/$L21,"") | V21: =IF($T21<>"معتمد","",IFERROR((IF(AND('قياس الأداء للربع الأول'!$T20="معتمد",'قياس الأداء للربع الأول'!$L20>0),'قياس الأداء للربع الأول'!$M20,0)+IF(AND('قياس الأداء للربع الثاني'!$Q20="معتمد",'قياس الأداء للربع الثاني'!$L20>0),'قياس الأداء للربع الثاني'!$M20,0)+IF(AND($T21="معتمد",$L21>0),$M21,0))/(IF(AND('قياس الأداء للربع الأول'!$T20="معتمد",'قياس الأداء للربع الأول'!$L20>0),'قياس الأداء للربع الأول'!$L20,0)+IF(AND('قياس الأداء للربع الثاني'!$Q20="معتمد",'قياس الأداء للربع الثاني'!$L20>0),'قياس الأداء للربع الثاني'!$L20,0)+IF(AND($T21="معتمد",$L21>0),$L21,0)),"")) | W21: =IF(AND($T21="معتمد",$K21>0),(IF('قياس الأداء للربع الأول'!$T20="معتمد",'قياس الأداء للربع الأول'!$M20,0)+IF('قياس الأداء للربع الثاني'!$Q20="معتمد",'قياس الأداء للربع الثاني'!$M20,0)+IF($T21="معتمد",$M21,0))/$K21,"") | X21: =A21&B21&C21&D21&E21&F21&G21&H21&I21&J21&K21&L21&M21&N21&O21&P21&Q21&R21&S21&T21&U21&V21&W21 -> د3د1-3نسبة نضج واستدامة البيئة التقنيةنسبةكلما زاد كان أفضلربع سنويتقرير بالعملياتإدارة الشؤون المالية و الإدارية010.95
A22: د3 | B22: د2-3 | C22: نسبة العمليات التي تم تطويرها وفق معايير الجودة المعتمدة | E22: نسبة | F22: كلما زاد كان أفضل | G22: ربع سنوي | H22: تقرير بالعمليات | I22: إدارة الشؤون المالية و الإدارية | J22: 0 | K22: 0.8 | L22: 0.5 | N22: =IF(AND($T22="معتمد",$L22>0),$M22/$L22,"") | O22: =IF($T22="معتمد",$M22-$L22,"") | P22: =IF(AND($T22="معتمد",$L22>0),($M22-$L22)/$L22,"") | V22: =IF($T22<>"معتمد","",IFERROR((IF(AND('قياس الأداء للربع الأول'!$T21="معتمد",'قياس الأداء للربع الأول'!$L21>0),'قياس الأداء للربع الأول'!$M21,0)+IF(AND('قياس الأداء للربع الثاني'!$Q21="معتمد",'قياس الأداء للربع الثاني'!$L21>0),'قياس الأداء للربع الثاني'!$M21,0)+IF(AND($T22="معتمد",$L22>0),$M22,0))/(IF(AND('قياس الأداء للربع الأول'!$T21="معتمد",'قياس الأداء للربع الأول'!$L21>0),'قياس الأداء للربع الأول'!$L21,0)+IF(AND('قياس الأداء للربع الثاني'!$Q21="معتمد",'قياس الأداء للربع الثاني'!$L21>0),'قياس الأداء للربع الثاني'!$L21,0)+IF(AND($T22="معتمد",$L22>0),$L22,0)),"")) | W22: =IF(AND($T22="معتمد",$K22>0),(IF('قياس الأداء للربع الأول'!$T21="معتمد",'قياس الأداء للربع الأول'!$M21,0)+IF('قياس الأداء للربع الثاني'!$Q21="معتمد",'قياس الأداء للربع الثاني'!$M21,0)+IF($T22="معتمد",$M22,0))/$K22,"") | X22: =A22&B22&C22&D22&E22&F22&G22&H22&I22&J22&K22&L22&M22&N22&O22&P22&Q22&R22&S22&T22&U22&V22&W22 -> د3د2-3نسبة العمليات التي تم تطويرها وفق معايير الجودة المعتمدةنسبةكلما زاد كان أفضلربع سنويتقرير بالعملياتإدارة الشؤون المالية و الإدارية00.80.5
A23: د4 | B23: د1-4 | C23: عدد الشراكات الفاعلة | E23: شراكة | F23: كلما زاد كان أفضل | G23: ربع سنوي | H23: قائمة ببيانات الشراكات الفاعلة التي أقامتها الجمعية | I23: إدارة الإتصال المؤسسي | J23: 0 | K23: 80 | L23: 25 | N23: =IF(AND($T23="معتمد",$L23>0),$M23/$L23,"") | O23: =IF($T23="معتمد",$M23-$L23,"") | P23: =IF(AND($T23="معتمد",$L23>0),($M23-$L23)/$L23,"") | V23: =IF($T23<>"معتمد","",IFERROR((IF(AND('قياس الأداء للربع الأول'!$T22="معتمد",'قياس الأداء للربع الأول'!$L22>0),'قياس الأداء للربع الأول'!$M22,0)+IF(AND('قياس الأداء للربع الثاني'!$Q22="معتمد",'قياس الأداء للربع الثاني'!$L22>0),'قياس الأداء للربع الثاني'!$M22,0)+IF(AND($T23="معتمد",$L23>0),$M23,0))/(IF(AND('قياس الأداء للربع الأول'!$T22="معتمد",'قياس الأداء للربع الأول'!$L22>0),'قياس الأداء للربع الأول'!$L22,0)+IF(AND('قياس الأداء للربع الثاني'!$Q22="معتمد",'قياس الأداء للربع الثاني'!$L22>0),'قياس الأداء للربع الثاني'!$L22,0)+IF(AND($T23="معتمد",$L23>0),$L23,0)),"")) | W23: =IF(AND($T23="معتمد",$K23>0),(IF('قياس الأداء للربع الأول'!$T22="معتمد",'قياس الأداء للربع الأول'!$M22,0)+IF('قياس الأداء للربع الثاني'!$Q22="معتمد",'قياس الأداء للربع الثاني'!$M22,0)+IF($T23="معتمد",$M23,0))/$K23,"") | X23: =A23&B23&C23&D23&E23&F23&G23&H23&I23&J23&K23&L23&M23&N23&O23&P23&Q23&R23&S23&T23&U23&V23&W23 -> د4د1-4عدد الشراكات الفاعلةشراكةكلما زاد كان أفضلربع سنويقائمة ببيانات الشراكات الفاعلة التي أقامتها الجمعيةإدارة الإتصال المؤسسي08025
A24: د4 | B24: د2-4 | C24: عدد الزيارات المنفذة للشركاء وأصحاب المصلحة | E24: عدد | F24: كلما زاد كان أفضل | G24: ربع سنوي | H24: قائمة بالشركاء وأصحاب المصلحة الذين تم التواصل معهم بأسمائهم أو أوصافهم )مثال: قاعدة بيانات الواتس – شركاء منافذ( موضح بها العدد ووسيلة التواصل) | I24: إدارة الإتصال المؤسسي | J24: 0 | K24: 52 زيارة،4 عمليات تواصل | L24: 24 | N24: =IF(AND($T24="معتمد",$L24>0),$M24/$L24,"") | O24: =IF($T24="معتمد",$M24-$L24,"") | P24: =IF(AND($T24="معتمد",$L24>0),($M24-$L24)/$L24,"") | V24: =IF($T24<>"معتمد","",IFERROR((IF(AND('قياس الأداء للربع الأول'!$T23="معتمد",'قياس الأداء للربع الأول'!$L23>0),'قياس الأداء للربع الأول'!$M23,0)+IF(AND('قياس الأداء للربع الثاني'!$Q23="معتمد",'قياس الأداء للربع الثاني'!$L23>0),'قياس الأداء للربع الثاني'!$M23,0)+IF(AND($T24="معتمد",$L24>0),$M24,0))/(IF(AND('قياس الأداء للربع الأول'!$T23="معتمد",'قياس الأداء للربع الأول'!$L23>0),'قياس الأداء للربع الأول'!$L23,0)+IF(AND('قياس الأداء للربع الثاني'!$Q23="معتمد",'قياس الأداء للربع الثاني'!$L23>0),'قياس الأداء للربع الثاني'!$L23,0)+IF(AND($T24="معتمد",$L24>0),$L24,0)),"")) | W24: =IF(AND($T24="معتمد",$K24>0),(IF('قياس الأداء للربع الأول'!$T23="معتمد",'قياس الأداء للربع الأول'!$M23,0)+IF('قياس الأداء للربع الثاني'!$Q23="معتمد",'قياس الأداء للربع الثاني'!$M23,0)+IF($T24="معتمد",$M24,0))/$K24,"") | X24: =A24&B24&C24&D24&E24&F24&G24&H24&I24&J24&K24&L24&M24&N24&O24&P24&Q24&R24&S24&T24&U24&V24&W24 -> د4د2-4عدد الزيارات المنفذة للشركاء وأصحاب المصلحة عددكلما زاد كان أفضلربع سنويقائمة بالشركاء وأصحاب المصلحة الذين تم التواصل معهم بأسمائهم أو أوصافهم )مثال: قاعدة بيانات الواتس – شركاء منافذ( موضح بها العدد ووسيلة التواصل)إدارة الإتصال المؤسسي052 زيارة،4 عمليات تواصل24
A25: د4 | B25: د3-4 | C25: نسبة رضا أصحاب المصلحة عن الجمعية | E25: نسبة | F25: كلما زاد كان أفضل | G25: ربع سنوي | H25: إستمارات قياس رضا أصحاب المصلحة عن الجمعية | I25: إدارة الإتصال المؤسسي | J25: 0 | K25: 0.94 | L25: 0 | N25: =IF(AND($T25="معتمد",$L25>0),$M25/$L25,"") | O25: =IF($T25="معتمد",$M25-$L25,"") | P25: =IF(AND($T25="معتمد",$L25>0),($M25-$L25)/$L25,"") | V25: =IF($T25<>"معتمد","",IFERROR((IF(AND('قياس الأداء للربع الأول'!$T24="معتمد",'قياس الأداء للربع الأول'!$L24>0),'قياس الأداء للربع الأول'!$M24,0)+IF(AND('قياس الأداء للربع الثاني'!$Q24="معتمد",'قياس الأداء للربع الثاني'!$L24>0),'قياس الأداء للربع الثاني'!$M24,0)+IF(AND($T25="معتمد",$L25>0),$M25,0))/(IF(AND('قياس الأداء للربع الأول'!$T24="معتمد",'قياس الأداء للربع الأول'!$L24>0),'قياس الأداء للربع الأول'!$L24,0)+IF(AND('قياس الأداء للربع الثاني'!$Q24="معتمد",'قياس الأداء للربع الثاني'!$L24>0),'قياس الأداء للربع الثاني'!$L24,0)+IF(AND($T25="معتمد",$L25>0),$L25,0)),"")) | W25: =IF(AND($T25="معتمد",$K25>0),(IF('قياس الأداء للربع الأول'!$T24="معتمد",'قياس الأداء للربع الأول'!$M24,0)+IF('قياس الأداء للربع الثاني'!$Q24="معتمد",'قياس الأداء للربع الثاني'!$M24,0)+IF($T25="معتمد",$M25,0))/$K25,"") | X25: =A25&B25&C25&D25&E25&F25&G25&H25&I25&J25&K25&L25&M25&N25&O25&P25&Q25&R25&S25&T25&U25&V25&W25 -> د4د3-4نسبة رضا أصحاب المصلحة عن الجمعيةنسبةكلما زاد كان أفضلربع سنويإستمارات قياس رضا أصحاب المصلحة عن الجمعيةإدارة الإتصال المؤسسي00.940
A26: د5 | B26: د1-5 | C26: عدد المشاركات الإعلامية التي تخدم أهداف الجمعية | E26: مشاركة إعلامية | F26: كلما زاد كان أفضل | G26: ربع سنوي | H26: تقرير بالمشاركات الإعلامية التي نشرتها الجمعية | I26: إدارة الإتصال المؤسسي | J26: 0 | K26: 200 | L26: 70 | N26: =IF(AND($T26="معتمد",$L26>0),$M26/$L26,"") | O26: =IF($T26="معتمد",$M26-$L26,"") | P26: =IF(AND($T26="معتمد",$L26>0),($M26-$L26)/$L26,"") | V26: =IF($T26<>"معتمد","",IFERROR((IF(AND('قياس الأداء للربع الأول'!$T25="معتمد",'قياس الأداء للربع الأول'!$L25>0),'قياس الأداء للربع الأول'!$M25,0)+IF(AND('قياس الأداء للربع الثاني'!$Q25="معتمد",'قياس الأداء للربع الثاني'!$L25>0),'قياس الأداء للربع الثاني'!$M25,0)+IF(AND($T26="معتمد",$L26>0),$M26,0))/(IF(AND('قياس الأداء للربع الأول'!$T25="معتمد",'قياس الأداء للربع الأول'!$L25>0),'قياس الأداء للربع الأول'!$L25,0)+IF(AND('قياس الأداء للربع الثاني'!$Q25="معتمد",'قياس الأداء للربع الثاني'!$L25>0),'قياس الأداء للربع الثاني'!$L25,0)+IF(AND($T26="معتمد",$L26>0),$L26,0)),"")) | W26: =IF(AND($T26="معتمد",$K26>0),(IF('قياس الأداء للربع الأول'!$T25="معتمد",'قياس الأداء للربع الأول'!$M25,0)+IF('قياس الأداء للربع الثاني'!$Q25="معتمد",'قياس الأداء للربع الثاني'!$M25,0)+IF($T26="معتمد",$M26,0))/$K26,"") | X26: =A26&B26&C26&D26&E26&F26&G26&H26&I26&J26&K26&L26&M26&N26&O26&P26&Q26&R26&S26&T26&U26&V26&W26 -> د5د1-5عدد المشاركات الإعلامية التي تخدم أهداف الجمعيةمشاركة إعلاميةكلما زاد كان أفضلربع سنويتقرير بالمشاركات الإعلامية التي نشرتها الجمعيةإدارة الإتصال المؤسسي020070
A27: د5 | B27: د2-5 | C27: عدد مرات الظهور الإعلامي (المشاهدات) | E27: مشاهدة | F27: كلما زاد كان أفضل | G27: ربع سنوي | H27: تقرير بالمشاهدات للمشاركات الإعلامية، بتوضيح كل قناة وعدد المشاهدات / الظهور فيها | I27: إدارة الإتصال المؤسسي | J27: 0 | K27: 5000000 | L27: 2500000 | N27: =IF(AND($T27="معتمد",$L27>0),$M27/$L27,"") | O27: =IF($T27="معتمد",$M27-$L27,"") | P27: =IF(AND($T27="معتمد",$L27>0),($M27-$L27)/$L27,"") | V27: =IF($T27<>"معتمد","",IFERROR((IF(AND('قياس الأداء للربع الأول'!$T26="معتمد",'قياس الأداء للربع الأول'!$L26>0),'قياس الأداء للربع الأول'!$M26,0)+IF(AND('قياس الأداء للربع الثاني'!$Q26="معتمد",'قياس الأداء للربع الثاني'!$L26>0),'قياس الأداء للربع الثاني'!$M26,0)+IF(AND($T27="معتمد",$L27>0),$M27,0))/(IF(AND('قياس الأداء للربع الأول'!$T26="معتمد",'قياس الأداء للربع الأول'!$L26>0),'قياس الأداء للربع الأول'!$L26,0)+IF(AND('قياس الأداء للربع الثاني'!$Q26="معتمد",'قياس الأداء للربع الثاني'!$L26>0),'قياس الأداء للربع الثاني'!$L26,0)+IF(AND($T27="معتمد",$L27>0),$L27,0)),"")) | W27: =IF(AND($T27="معتمد",$K27>0),(IF('قياس الأداء للربع الأول'!$T26="معتمد",'قياس الأداء للربع الأول'!$M26,0)+IF('قياس الأداء للربع الثاني'!$Q26="معتمد",'قياس الأداء للربع الثاني'!$M26,0)+IF($T27="معتمد",$M27,0))/$K27,"") | X27: =A27&B27&C27&D27&E27&F27&G27&H27&I27&J27&K27&L27&M27&N27&O27&P27&Q27&R27&S27&T27&U27&V27&W27 -> د5د2-5عدد مرات الظهور الإعلامي (المشاهدات) مشاهدةكلما زاد كان أفضلربع سنويتقرير بالمشاهدات للمشاركات الإعلامية، بتوضيح كل قناة وعدد المشاهدات / الظهور فيهاإدارة الإتصال المؤسسي050000002500000
A28: د5 | B28: د3-5 | C28: عدد قنوات الظهور الإعلامي | E28: قناة | F28: كلما زاد كان أفضل | G28: ربع سنوي | H28: قائمة بالقنوات الإعلامية | I28: إدارة الإتصال المؤسسي | J28: 0 | K28: 20 | L28: 20 | N28: =IF(AND($T28="معتمد",$L28>0),$M28/$L28,"") | O28: =IF($T28="معتمد",$M28-$L28,"") | P28: =IF(AND($T28="معتمد",$L28>0),($M28-$L28)/$L28,"") | V28: =IF($T28<>"معتمد","",IFERROR((IF(AND('قياس الأداء للربع الأول'!$T27="معتمد",'قياس الأداء للربع الأول'!$L27>0),'قياس الأداء للربع الأول'!$M27,0)+IF(AND('قياس الأداء للربع الثاني'!$Q27="معتمد",'قياس الأداء للربع الثاني'!$L27>0),'قياس الأداء للربع الثاني'!$M27,0)+IF(AND($T28="معتمد",$L28>0),$M28,0))/(IF(AND('قياس الأداء للربع الأول'!$T27="معتمد",'قياس الأداء للربع الأول'!$L27>0),'قياس الأداء للربع الأول'!$L27,0)+IF(AND('قياس الأداء للربع الثاني'!$Q27="معتمد",'قياس الأداء للربع الثاني'!$L27>0),'قياس الأداء للربع الثاني'!$L27,0)+IF(AND($T28="معتمد",$L28>0),$L28,0)),"")) | W28: =IF(AND($T28="معتمد",$K28>0),(IF('قياس الأداء للربع الأول'!$T27="معتمد",'قياس الأداء للربع الأول'!$M27,0)+IF('قياس الأداء للربع الثاني'!$Q27="معتمد",'قياس الأداء للربع الثاني'!$M27,0)+IF($T28="معتمد",$M28,0))/$K28,"") | X28: =A28&B28&C28&D28&E28&F28&G28&H28&I28&J28&K28&L28&M28&N28&O28&P28&Q28&R28&S28&T28&U28&V28&W28 -> د5د3-5عدد قنوات الظهور الإعلاميقناةكلما زاد كان أفضلربع سنويقائمة بالقنوات الإعلاميةإدارة الإتصال المؤسسي02020
A29: ن1 | B29: ن1-1 | C29: متوسط عدد الساعات التطويرية المقدمة للفرد | E29: ساعة | F29: كلما زاد كان أفضل | G29: ربع سنوي | H29: تقرير بالساعات التطويرية المقدمة لموظفي الجمعية ونوع التطوير المقدم | I29: إدارة الأداء و النمو | J29: 0 | K29: 50 | L29: 10 | N29: =IF(AND($T29="معتمد",$L29>0),$M29/$L29,"") | O29: =IF($T29="معتمد",$M29-$L29,"") | P29: =IF(AND($T29="معتمد",$L29>0),($M29-$L29)/$L29,"") | V29: =IF($T29<>"معتمد","",IFERROR((IF(AND('قياس الأداء للربع الأول'!$T28="معتمد",'قياس الأداء للربع الأول'!$L28>0),'قياس الأداء للربع الأول'!$M28,0)+IF(AND('قياس الأداء للربع الثاني'!$Q28="معتمد",'قياس الأداء للربع الثاني'!$L28>0),'قياس الأداء للربع الثاني'!$M28,0)+IF(AND($T29="معتمد",$L29>0),$M29,0))/(IF(AND('قياس الأداء للربع الأول'!$T28="معتمد",'قياس الأداء للربع الأول'!$L28>0),'قياس الأداء للربع الأول'!$L28,0)+IF(AND('قياس الأداء للربع الثاني'!$Q28="معتمد",'قياس الأداء للربع الثاني'!$L28>0),'قياس الأداء للربع الثاني'!$L28,0)+IF(AND($T29="معتمد",$L29>0),$L29,0)),"")) | W29: =IF(AND($T29="معتمد",$K29>0),(IF('قياس الأداء للربع الأول'!$T28="معتمد",'قياس الأداء للربع الأول'!$M28,0)+IF('قياس الأداء للربع الثاني'!$Q28="معتمد",'قياس الأداء للربع الثاني'!$M28,0)+IF($T29="معتمد",$M29,0))/$K29,"") | X29: =A29&B29&C29&D29&E29&F29&G29&H29&I29&J29&K29&L29&M29&N29&O29&P29&Q29&R29&S29&T29&U29&V29&W29 -> ن1ن1-1متوسط عدد الساعات التطويرية المقدمة للفردساعةكلما زاد كان أفضلربع سنويتقرير بالساعات التطويرية المقدمة لموظفي الجمعية ونوع التطوير المقدمإدارة الأداء و النمو05010
A30: ن1 | B30: ن2-1 | C30: نسبة الموظفين المؤهلين مهنيًا في وظائفهم | E30: نسبة | F30: كلما زاد كان أفضل | G30: ربع سنوي | H30: تقرير بالموظفين الحاصلين على التأهيل وخطط الإحتياج المهني لهم | I30: إدارة الأداء و النمو | J30: 0 | K30: 0.65 | L30: 0.45 | N30: =IF(AND($T30="معتمد",$L30>0),$M30/$L30,"") | O30: =IF($T30="معتمد",$M30-$L30,"") | P30: =IF(AND($T30="معتمد",$L30>0),($M30-$L30)/$L30,"") | V30: =IF($T30<>"معتمد","",IFERROR((IF(AND('قياس الأداء للربع الأول'!$T29="معتمد",'قياس الأداء للربع الأول'!$L29>0),'قياس الأداء للربع الأول'!$M29,0)+IF(AND('قياس الأداء للربع الثاني'!$Q29="معتمد",'قياس الأداء للربع الثاني'!$L29>0),'قياس الأداء للربع الثاني'!$M29,0)+IF(AND($T30="معتمد",$L30>0),$M30,0))/(IF(AND('قياس الأداء للربع الأول'!$T29="معتمد",'قياس الأداء للربع الأول'!$L29>0),'قياس الأداء للربع الأول'!$L29,0)+IF(AND('قياس الأداء للربع الثاني'!$Q29="معتمد",'قياس الأداء للربع الثاني'!$L29>0),'قياس الأداء للربع الثاني'!$L29,0)+IF(AND($T30="معتمد",$L30>0),$L30,0)),"")) | W30: =IF(AND($T30="معتمد",$K30>0),(IF('قياس الأداء للربع الأول'!$T29="معتمد",'قياس الأداء للربع الأول'!$M29,0)+IF('قياس الأداء للربع الثاني'!$Q29="معتمد",'قياس الأداء للربع الثاني'!$M29,0)+IF($T30="معتمد",$M30,0))/$K30,"") | X30: =A30&B30&C30&D30&E30&F30&G30&H30&I30&J30&K30&L30&M30&N30&O30&P30&Q30&R30&S30&T30&U30&V30&W30 -> ن1ن2-1نسبة الموظفين المؤهلين مهنيًا في وظائفهمنسبةكلما زاد كان أفضلربع سنويتقرير بالموظفين الحاصلين على التأهيل وخطط الإحتياج المهني لهمإدارة الأداء و النمو00.650.45
A31: ن2 | B31: ن1-2 | C31: عدد المتطوعين في أعمال وبرامج الجمعية (بدون تكرار) | E31: متطوع | F31: كلما زاد كان أفضل | G31: ربع سنوي | H31: تقرير بأسماء المشاريع أو البرامج التي شارك فيها متطوعون وعددهم + تقرير بالمتطوعين المشاركين في إدارات الجمعية | I31: إدارة التكافل المجتمعي | J31: 0 | K31: 2500 | L31: 1300 | N31: =IF(AND($T31="معتمد",$L31>0),$M31/$L31,"") | O31: =IF($T31="معتمد",$M31-$L31,"") | P31: =IF(AND($T31="معتمد",$L31>0),($M31-$L31)/$L31,"") | V31: =IF($T31<>"معتمد","",IFERROR((IF(AND('قياس الأداء للربع الأول'!$T30="معتمد",'قياس الأداء للربع الأول'!$L30>0),'قياس الأداء للربع الأول'!$M30,0)+IF(AND('قياس الأداء للربع الثاني'!$Q30="معتمد",'قياس الأداء للربع الثاني'!$L30>0),'قياس الأداء للربع الثاني'!$M30,0)+IF(AND($T31="معتمد",$L31>0),$M31,0))/(IF(AND('قياس الأداء للربع الأول'!$T30="معتمد",'قياس الأداء للربع الأول'!$L30>0),'قياس الأداء للربع الأول'!$L30,0)+IF(AND('قياس الأداء للربع الثاني'!$Q30="معتمد",'قياس الأداء للربع الثاني'!$L30>0),'قياس الأداء للربع الثاني'!$L30,0)+IF(AND($T31="معتمد",$L31>0),$L31,0)),"")) | W31: =IF(AND($T31="معتمد",$K31>0),(IF('قياس الأداء للربع الأول'!$T30="معتمد",'قياس الأداء للربع الأول'!$M30,0)+IF('قياس الأداء للربع الثاني'!$Q30="معتمد",'قياس الأداء للربع الثاني'!$M30,0)+IF($T31="معتمد",$M31,0))/$K31,"") | X31: =A31&B31&C31&D31&E31&F31&G31&H31&I31&J31&K31&L31&M31&N31&O31&P31&Q31&R31&S31&T31&U31&V31&W31 -> ن2ن1-2عدد المتطوعين في أعمال وبرامج الجمعية (بدون تكرار)متطوعكلما زاد كان أفضلربع سنويتقرير بأسماء المشاريع أو البرامج التي شارك فيها متطوعون وعددهم + تقرير بالمتطوعين المشاركين في إدارات الجمعيةإدارة التكافل المجتمعي025001300
A32: ن2 | B32: ن2-2 | C32: عدد الساعات التطوعية | E32: ساعة | F32: كلما زاد كان أفضل | G32: ربع سنوي | H32: تقرير بالساعات التطوعية التي تم تسجيلها منصة التطوع + (من لم تنطبق عليه الشروط) | I32: إدارة التكافل المجتمعي | J32: 0 | K32: 70000 | L32: 32000 | N32: =IF(AND($T32="معتمد",$L32>0),$M32/$L32,"") | O32: =IF($T32="معتمد",$M32-$L32,"") | P32: =IF(AND($T32="معتمد",$L32>0),($M32-$L32)/$L32,"") | V32: =IF($T32<>"معتمد","",IFERROR((IF(AND('قياس الأداء للربع الأول'!$T31="معتمد",'قياس الأداء للربع الأول'!$L31>0),'قياس الأداء للربع الأول'!$M31,0)+IF(AND('قياس الأداء للربع الثاني'!$Q31="معتمد",'قياس الأداء للربع الثاني'!$L31>0),'قياس الأداء للربع الثاني'!$M31,0)+IF(AND($T32="معتمد",$L32>0),$M32,0))/(IF(AND('قياس الأداء للربع الأول'!$T31="معتمد",'قياس الأداء للربع الأول'!$L31>0),'قياس الأداء للربع الأول'!$L31,0)+IF(AND('قياس الأداء للربع الثاني'!$Q31="معتمد",'قياس الأداء للربع الثاني'!$L31>0),'قياس الأداء للربع الثاني'!$L31,0)+IF(AND($T32="معتمد",$L32>0),$L32,0)),"")) | W32: =IF(AND($T32="معتمد",$K32>0),(IF('قياس الأداء للربع الأول'!$T31="معتمد",'قياس الأداء للربع الأول'!$M31,0)+IF('قياس الأداء للربع الثاني'!$Q31="معتمد",'قياس الأداء للربع الثاني'!$M31,0)+IF($T32="معتمد",$M32,0))/$K32,"") | X32: =A32&B32&C32&D32&E32&F32&G32&H32&I32&J32&K32&L32&M32&N32&O32&P32&Q32&R32&S32&T32&U32&V32&W32 -> ن2ن2-2عدد الساعات التطوعيةساعةكلما زاد كان أفضلربع سنويتقرير بالساعات التطوعية التي تم تسجيلها منصة التطوع + (من لم تنطبق عليه الشروط)إدارة التكافل المجتمعي07000032000
A33: ن3 | B33: ن1-3 | C33: نسبة رضا العاملين عن بيئة العمل | E33: نسبة | F33: كلما زاد كان أفضل | G33: ربع سنوي | H33: إستمارات قياس رضا العاملين | I33: إدارة الأداء و النمو | J33: 0 | K33: 0.88 | L33: 0.85 | N33: =IF(AND($T33="معتمد",$L33>0),$M33/$L33,"") | O33: =IF($T33="معتمد",$M33-$L33,"") | P33: =IF(AND($T33="معتمد",$L33>0),($M33-$L33)/$L33,"") | V33: =IF($T33<>"معتمد","",IFERROR((IF(AND('قياس الأداء للربع الأول'!$T32="معتمد",'قياس الأداء للربع الأول'!$L32>0),'قياس الأداء للربع الأول'!$M32,0)+IF(AND('قياس الأداء للربع الثاني'!$Q32="معتمد",'قياس الأداء للربع الثاني'!$L32>0),'قياس الأداء للربع الثاني'!$M32,0)+IF(AND($T33="معتمد",$L33>0),$M33,0))/(IF(AND('قياس الأداء للربع الأول'!$T32="معتمد",'قياس الأداء للربع الأول'!$L32>0),'قياس الأداء للربع الأول'!$L32,0)+IF(AND('قياس الأداء للربع الثاني'!$Q32="معتمد",'قياس الأداء للربع الثاني'!$L32>0),'قياس الأداء للربع الثاني'!$L32,0)+IF(AND($T33="معتمد",$L33>0),$L33,0)),"")) | W33: =IF(AND($T33="معتمد",$K33>0),(IF('قياس الأداء للربع الأول'!$T32="معتمد",'قياس الأداء للربع الأول'!$M32,0)+IF('قياس الأداء للربع الثاني'!$Q32="معتمد",'قياس الأداء للربع الثاني'!$M32,0)+IF($T33="معتمد",$M33,0))/$K33,"") | X33: =A33&B33&C33&D33&E33&F33&G33&H33&I33&J33&K33&L33&M33&N33&O33&P33&Q33&R33&S33&T33&U33&V33&W33 -> ن3ن1-3نسبة رضا العاملين عن بيئة العمل نسبةكلما زاد كان أفضلربع سنويإستمارات قياس رضا العاملينإدارة الأداء و النمو00.880.85
A34: ن3 | B34: ن2-3 | C34: إجمالي تكلفة المبادرات التحفيزية للعاملين | E34: ريال | F34: كلما زاد كان أفضل | G34: ربع سنوي | H34: تقرير بالمبادرات المنفذة لتحفيز العاملين وتكاليفها المالية | I34: إدارة الأداء و النمو | J34: 0 | K34: 70000 | L34: 20000 | N34: =IF(AND($T34="معتمد",$L34>0),$M34/$L34,"") | O34: =IF($T34="معتمد",$M34-$L34,"") | P34: =IF(AND($T34="معتمد",$L34>0),($M34-$L34)/$L34,"") | V34: =IF($T34<>"معتمد","",IFERROR((IF(AND('قياس الأداء للربع الأول'!$T33="معتمد",'قياس الأداء للربع الأول'!$L33>0),'قياس الأداء للربع الأول'!$M33,0)+IF(AND('قياس الأداء للربع الثاني'!$Q33="معتمد",'قياس الأداء للربع الثاني'!$L33>0),'قياس الأداء للربع الثاني'!$M33,0)+IF(AND($T34="معتمد",$L34>0),$M34,0))/(IF(AND('قياس الأداء للربع الأول'!$T33="معتمد",'قياس الأداء للربع الأول'!$L33>0),'قياس الأداء للربع الأول'!$L33,0)+IF(AND('قياس الأداء للربع الثاني'!$Q33="معتمد",'قياس الأداء للربع الثاني'!$L33>0),'قياس الأداء للربع الثاني'!$L33,0)+IF(AND($T34="معتمد",$L34>0),$L34,0)),"")) | W34: =IF(AND($T34="معتمد",$K34>0),(IF('قياس الأداء للربع الأول'!$T33="معتمد",'قياس الأداء للربع الأول'!$M33,0)+IF('قياس الأداء للربع الثاني'!$Q33="معتمد",'قياس الأداء للربع الثاني'!$M33,0)+IF($T34="معتمد",$M34,0))/$K34,"") | X34: =A34&B34&C34&D34&E34&F34&G34&H34&I34&J34&K34&L34&M34&N34&O34&P34&Q34&R34&S34&T34&U34&V34&W34 -> ن3ن2-3إجمالي تكلفة المبادرات التحفيزية للعاملين ريالكلما زاد كان أفضلربع سنويتقرير بالمبادرات المنفذة لتحفيز العاملين وتكاليفها الماليةإدارة الأداء و النمو07000020000
A35: ن4 | B35: ن1-4 | C35: نسبة إكتمال اللوائح والسياسات | E35: لائحة،سياسة | F35: كلما زاد كان أفضل | G35: ربع سنوي | H35: قائمة باللوائح المعتمدة للبناء مع توضيح المنجز منها | I35: جميع الإدارات | J35: 0 | K35: 1 | L35: 1 | N35: =IF(AND($T35="معتمد",$L35>0),$M35/$L35,"") | O35: =IF($T35="معتمد",$M35-$L35,"") | P35: =IF(AND($T35="معتمد",$L35>0),($M35-$L35)/$L35,"") | V35: =IF($T35<>"معتمد","",IFERROR((IF(AND('قياس الأداء للربع الأول'!$T34="معتمد",'قياس الأداء للربع الأول'!$L34>0),'قياس الأداء للربع الأول'!$M34,0)+IF(AND('قياس الأداء للربع الثاني'!$Q34="معتمد",'قياس الأداء للربع الثاني'!$L34>0),'قياس الأداء للربع الثاني'!$M34,0)+IF(AND($T35="معتمد",$L35>0),$M35,0))/(IF(AND('قياس الأداء للربع الأول'!$T34="معتمد",'قياس الأداء للربع الأول'!$L34>0),'قياس الأداء للربع الأول'!$L34,0)+IF(AND('قياس الأداء للربع الثاني'!$Q34="معتمد",'قياس الأداء للربع الثاني'!$L34>0),'قياس الأداء للربع الثاني'!$L34,0)+IF(AND($T35="معتمد",$L35>0),$L35,0)),"")) | W35: =IF(AND($T35="معتمد",$K35>0),(IF('قياس الأداء للربع الأول'!$T34="معتمد",'قياس الأداء للربع الأول'!$M34,0)+IF('قياس الأداء للربع الثاني'!$Q34="معتمد",'قياس الأداء للربع الثاني'!$M34,0)+IF($T35="معتمد",$M35,0))/$K35,"") | X35: =A35&B35&C35&D35&E35&F35&G35&H35&I35&J35&K35&L35&M35&N35&O35&P35&Q35&R35&S35&T35&U35&V35&W35 -> ن4ن1-4نسبة إكتمال اللوائح والسياساتلائحة،سياسةكلما زاد كان أفضلربع سنويقائمة باللوائح المعتمدة للبناء مع توضيح المنجز منهاجميع الإدارات011
A36: ن4 | B36: ن2-4 | C36: الدرجة المتحصلة في معايير الحوكمة | E36: درجة | F36: كلما زاد كان أفضل | G36: سنوي | H36: تقرير قياس المعيار | I36: إدارة الأداء و النمو | J36: 0 | K36: 1 | L36: 1 | N36: =IF(AND($T36="معتمد",$L36>0),$M36/$L36,"") | O36: =IF($T36="معتمد",$M36-$L36,"") | P36: =IF(AND($T36="معتمد",$L36>0),($M36-$L36)/$L36,"") | V36: =IF($T36<>"معتمد","",IFERROR((IF(AND('قياس الأداء للربع الأول'!$T35="معتمد",'قياس الأداء للربع الأول'!$L35>0),'قياس الأداء للربع الأول'!$M35,0)+IF(AND('قياس الأداء للربع الثاني'!$Q35="معتمد",'قياس الأداء للربع الثاني'!$L35>0),'قياس الأداء للربع الثاني'!$M35,0)+IF(AND($T36="معتمد",$L36>0),$M36,0))/(IF(AND('قياس الأداء للربع الأول'!$T35="معتمد",'قياس الأداء للربع الأول'!$L35>0),'قياس الأداء للربع الأول'!$L35,0)+IF(AND('قياس الأداء للربع الثاني'!$Q35="معتمد",'قياس الأداء للربع الثاني'!$L35>0),'قياس الأداء للربع الثاني'!$L35,0)+IF(AND($T36="معتمد",$L36>0),$L36,0)),"")) | W36: =IF(AND($T36="معتمد",$K36>0),(IF('قياس الأداء للربع الأول'!$T35="معتمد",'قياس الأداء للربع الأول'!$M35,0)+IF('قياس الأداء للربع الثاني'!$Q35="معتمد",'قياس الأداء للربع الثاني'!$M35,0)+IF($T36="معتمد",$M36,0))/$K36,"") | X36: =A36&B36&C36&D36&E36&F36&G36&H36&I36&J36&K36&L36&M36&N36&O36&P36&Q36&R36&S36&T36&U36&V36&W36 -> ن4ن2-4الدرجة المتحصلة في معايير الحوكمةدرجةكلما زاد كان أفضلسنويتقرير قياس المعيارإدارة الأداء و النمو011
... A58: STR-02 | B58: STR-02-KPI-01 | C58: نسبة مواءمة الخطط التشغيلية مع الأهداف الاستراتيجية للجمعية | E58: نسبة | F58: كلما زاد كان أفضل | G58: ربع سنوي | H58: تقرير | I58: إدارة الأداء و النمو | J58: 0 | K58: 1 | L58: 1 | N58: =IF(AND($T58="معتمد",$L58>0),$M58/$L58,"") | O58: =IF($T58="معتمد",$M58-$L58,"") | P58: =IF(AND($T58="معتمد",$L58>0),($M58-$L58)/$L58,"") | V58: =IF($T58<>"معتمد","",IFERROR((IF(AND('قياس الأداء للربع الأول'!$T57="معتمد",'قياس الأداء للربع الأول'!$L57>0),'قياس الأداء للربع الأول'!$M57,0)+IF(AND('قياس الأداء للربع الثاني'!$Q57="معتمد",'قياس الأداء للربع الثاني'!$L57>0),'قياس الأداء للربع الثاني'!$M57,0)+IF(AND($T58="معتمد",$L58>0),$M58,0))/(IF(AND('قياس الأداء للربع الأول'!$T57="معتمد",'قياس الأداء للربع الأول'!$L57>0),'قياس الأداء للربع الأول'!$L57,0)+IF(AND('قياس الأداء للربع الثاني'!$Q57="معتمد",'قياس الأداء للربع الثاني'!$L57>0),'قياس الأداء للربع الثاني'!$L57,0)+IF(AND($T58="معتمد",$L58>0),$L58,0)),"")) | W58: =IF(AND($T58="معتمد",$K58>0),(IF('قياس الأداء للربع الأول'!$T57="معتمد",'قياس الأداء للربع الأول'!$M57,0)+IF('قياس الأداء للربع الثاني'!$Q57="معتمد",'قياس الأداء للربع الثاني'!$M57,0)+IF($T58="معتمد",$M58,0))/$K58,"") | X58: =A58&B58&C58&D58&E58&F58&G58&H58&I58&J58&K58&L58&M58&N58&O58&P58&Q58&R58&S58&T58&U58&V58&W58 -> STR-02STR-02-KPI-01نسبة مواءمة الخطط التشغيلية مع الأهداف الاستراتيجية للجمعيةنسبةكلما زاد كان أفضلربع سنويتقريرإدارة الأداء و النمو011
A59: STR-02 | B59: STR-02-KPI-02 | C59: نسبة المبادرات التشغيلية ذات الأثر الإستراتيجي المباشر | E59: نسبة | F59: كلما زاد كان أفضل | G59: ربع سنوي | H59: تقرير | I59: إدارة الأداء و النمو | J59: 0 | K59: 0.4 | L59: 0.25 | N59: =IF(AND($T59="معتمد",$L59>0),$M59/$L59,"") | O59: =IF($T59="معتمد",$M59-$L59,"") | P59: =IF(AND($T59="معتمد",$L59>0),($M59-$L59)/$L59,"") | V59: =IF($T59<>"معتمد","",IFERROR((IF(AND('قياس الأداء للربع الأول'!#REF!="معتمد",'قياس الأداء للربع الأول'!#REF!>0),'قياس الأداء للربع الأول'!#REF!,0)+IF(AND('قياس الأداء للربع الثاني'!$Q58="معتمد",'قياس الأداء للربع الثاني'!$L58>0),'قياس الأداء للربع الثاني'!$M58,0)+IF(AND($T59="معتمد",$L59>0),$M59,0))/(IF(AND('قياس الأداء للربع الأول'!#REF!="معتمد",'قياس الأداء للربع الأول'!#REF!>0),'قياس الأداء للربع الأول'!#REF!,0)+IF(AND('قياس الأداء للربع الثاني'!$Q58="معتمد",'قياس الأداء للربع الثاني'!$L58>0),'قياس الأداء للربع الثاني'!$L58,0)+IF(AND($T59="معتمد",$L59>0),$L59,0)),"")) | W59: =IF(AND($T59="معتمد",$K59>0),(IF('قياس الأداء للربع الأول'!#REF!="معتمد",'قياس الأداء للربع الأول'!#REF!,0)+IF('قياس الأداء للربع الثاني'!$Q58="معتمد",'قياس الأداء للربع الثاني'!$M58,0)+IF($T59="معتمد",$M59,0))/$K59,"") | X59: =A59&B59&C59&D59&E59&F59&G59&H59&I59&J59&K59&L59&M59&N59&O59&P59&Q59&R59&S59&T59&U59&V59&W59 -> STR-02STR-02-KPI-02نسبة المبادرات التشغيلية ذات الأثر الإستراتيجي المباشرنسبةكلما زاد كان أفضلربع سنويتقريرإدارة الأداء و النمو00.40.25
A60: STR-03 | B60: STR-03-KPI-01 | C60: نسبة التقدم في تحقيق مؤشرات الأداء المعتمدة و التشغيلية | E60: نسبة | F60: كلما زاد كان أفضل | G60: ربع سنوي | H60: تقرير | I60: إدارة الأداء و النمو | J60: 0 | K60: 0.7 | L60: 0.55 | N60: =IF(AND($T60="معتمد",$L60>0),$M60/$L60,"") | O60: =IF($T60="معتمد",$M60-$L60,"") | P60: =IF(AND($T60="معتمد",$L60>0),($M60-$L60)/$L60,"") | V60: =IF($T60<>"معتمد","",IFERROR((IF(AND('قياس الأداء للربع الأول'!$T58="معتمد",'قياس الأداء للربع الأول'!$L58>0),'قياس الأداء للربع الأول'!$M58,0)+IF(AND('قياس الأداء للربع الثاني'!$Q59="معتمد",'قياس الأداء للربع الثاني'!$L59>0),'قياس الأداء للربع الثاني'!$M59,0)+IF(AND($T60="معتمد",$L60>0),$M60,0))/(IF(AND('قياس الأداء للربع الأول'!$T58="معتمد",'قياس الأداء للربع الأول'!$L58>0),'قياس الأداء للربع الأول'!$L58,0)+IF(AND('قياس الأداء للربع الثاني'!$Q59="معتمد",'قياس الأداء للربع الثاني'!$L59>0),'قياس الأداء للربع الثاني'!$L59,0)+IF(AND($T60="معتمد",$L60>0),$L60,0)),"")) | W60: =IF(AND($T60="معتمد",$K60>0),(IF('قياس الأداء للربع الأول'!$T58="معتمد",'قياس الأداء للربع الأول'!$M58,0)+IF('قياس الأداء للربع الثاني'!$Q59="معتمد",'قياس الأداء للربع الثاني'!$M59,0)+IF($T60="معتمد",$M60,0))/$K60,"") | X60: =A60&B60&C60&D60&E60&F60&G60&H60&I60&J60&K60&L60&M60&N60&O60&P60&Q60&R60&S60&T60&U60&V60&W60 -> STR-03STR-03-KPI-01نسبة التقدم في تحقيق مؤشرات الأداء المعتمدة و التشغيليةنسبةكلما زاد كان أفضلربع سنويتقريرإدارة الأداء و النمو00.70.55
A61: STR-03 | B61: STR-03-KPI-02 | C61: دقة التقارير الدورية مقارنة بالبيانات الفعلية | E61: نسبة | F61: كلما زاد كان أفضل | G61: ربع سنوي | H61: تقرير | I61: إدارة الأداء و النمو | J61: 0 | K61: 1 | L61: 0.8 | N61: =IF(AND($T61="معتمد",$L61>0),$M61/$L61,"") | O61: =IF($T61="معتمد",$M61-$L61,"") | P61: =IF(AND($T61="معتمد",$L61>0),($M61-$L61)/$L61,"") | V61: =IF($T61<>"معتمد","",IFERROR((IF(AND('قياس الأداء للربع الأول'!$T59="معتمد",'قياس الأداء للربع الأول'!$L59>0),'قياس الأداء للربع الأول'!$M59,0)+IF(AND('قياس الأداء للربع الثاني'!$Q60="معتمد",'قياس الأداء للربع الثاني'!$L60>0),'قياس الأداء للربع الثاني'!$M60,0)+IF(AND($T61="معتمد",$L61>0),$M61,0))/(IF(AND('قياس الأداء للربع الأول'!$T59="معتمد",'قياس الأداء للربع الأول'!$L59>0),'قياس الأداء للربع الأول'!$L59,0)+IF(AND('قياس الأداء للربع الثاني'!$Q60="معتمد",'قياس الأداء للربع الثاني'!$L60>0),'قياس الأداء للربع الثاني'!$L60,0)+IF(AND($T61="معتمد",$L61>0),$L61,0)),"")) | W61: =IF(AND($T61="معتمد",$K61>0),(IF('قياس الأداء للربع الأول'!$T59="معتمد",'قياس الأداء للربع الأول'!$M59,0)+IF('قياس الأداء للربع الثاني'!$Q60="معتمد",'قياس الأداء للربع الثاني'!$M60,0)+IF($T61="معتمد",$M61,0))/$K61,"") | X61: =A61&B61&C61&D61&E61&F61&G61&H61&I61&J61&K61&L61&M61&N61&O61&P61&Q61&R61&S61&T61&U61&V61&W61 -> STR-03STR-03-KPI-02دقة التقارير الدورية مقارنة بالبيانات الفعليةنسبةكلما زاد كان أفضلربع سنويتقريرإدارة الأداء و النمو010.8
A62: STR-03 | B62: STR-03-KPI-03 | C62: نسبة القرارات التنفيذية المبنية على تحليل بيانات الأداء | E62: نسبة | F62: كلما زاد كان أفضل | G62: ربع سنوي | H62: تقرير | I62: إدارة الأداء و النمو | J62: 0 | K62: 0.6 | L62: 0.3 | N62: =IF(AND($T62="معتمد",$L62>0),$M62/$L62,"") | O62: =IF($T62="معتمد",$M62-$L62,"") | P62: =IF(AND($T62="معتمد",$L62>0),($M62-$L62)/$L62,"") | V62: =IF($T62<>"معتمد","",IFERROR((IF(AND('قياس الأداء للربع الأول'!$T60="معتمد",'قياس الأداء للربع الأول'!$L60>0),'قياس الأداء للربع الأول'!$M60,0)+IF(AND('قياس الأداء للربع الثاني'!$Q61="معتمد",'قياس الأداء للربع الثاني'!$L61>0),'قياس الأداء للربع الثاني'!$M61,0)+IF(AND($T62="معتمد",$L62>0),$M62,0))/(IF(AND('قياس الأداء للربع الأول'!$T60="معتمد",'قياس الأداء للربع الأول'!$L60>0),'قياس الأداء للربع الأول'!$L60,0)+IF(AND('قياس الأداء للربع الثاني'!$Q61="معتمد",'قياس الأداء للربع الثاني'!$L61>0),'قياس الأداء للربع الثاني'!$L61,0)+IF(AND($T62="معتمد",$L62>0),$L62,0)),"")) | W62: =IF(AND($T62="معتمد",$K62>0),(IF('قياس الأداء للربع الأول'!$T60="معتمد",'قياس الأداء للربع الأول'!$M60,0)+IF('قياس الأداء للربع الثاني'!$Q61="معتمد",'قياس الأداء للربع الثاني'!$M61,0)+IF($T62="معتمد",$M62,0))/$K62,"") | X62: =A62&B62&C62&D62&E62&F62&G62&H62&I62&J62&K62&L62&M62&N62&O62&P62&Q62&R62&S62&T62&U62&V62&W62 -> STR-03STR-03-KPI-03نسبة القرارات التنفيذية المبنية على تحليل بيانات الأداءنسبةكلما زاد كان أفضلربع سنويتقريرإدارة الأداء و النمو00.60.3
A63: GOV-02 | B63: GOV-02-KPI-01 | C63: إلتزام الجمعية بتطبيق معايير الحوكمة | E63: نسبة | F63: كلما زاد كان أفضل | G63: ربع سنوي | H63: تقرير | I63: إدارة الأداء و النمو | J63: 0 | K63: 0.98 | L63: 0.98 | N63: =IF(AND($T63="معتمد",$L63>0),$M63/$L63,"") | O63: =IF($T63="معتمد",$M63-$L63,"") | P63: =IF(AND($T63="معتمد",$L63>0),($M63-$L63)/$L63,"") | V63: =IF($T63<>"معتمد","",IFERROR((IF(AND('قياس الأداء للربع الأول'!$T61="معتمد",'قياس الأداء للربع الأول'!$L61>0),'قياس الأداء للربع الأول'!$M61,0)+IF(AND('قياس الأداء للربع الثاني'!$Q62="معتمد",'قياس الأداء للربع الثاني'!$L62>0),'قياس الأداء للربع الثاني'!$M62,0)+IF(AND($T63="معتمد",$L63>0),$M63,0))/(IF(AND('قياس الأداء للربع الأول'!$T61="معتمد",'قياس الأداء للربع الأول'!$L61>0),'قياس الأداء للربع الأول'!$L61,0)+IF(AND('قياس الأداء للربع الثاني'!$Q62="معتمد",'قياس الأداء للربع الثاني'!$L62>0),'قياس الأداء للربع الثاني'!$L62,0)+IF(AND($T63="معتمد",$L63>0),$L63,0)),"")) | W63: =IF(AND($T63="معتمد",$K63>0),(IF('قياس الأداء للربع الأول'!$T61="معتمد",'قياس الأداء للربع الأول'!$M61,0)+IF('قياس الأداء للربع الثاني'!$Q62="معتمد",'قياس الأداء للربع الثاني'!$M62,0)+IF($T63="معتمد",$M63,0))/$K63,"") | X63: =A63&B63&C63&D63&E63&F63&G63&H63&I63&J63&K63&L63&M63&N63&O63&P63&Q63&R63&S63&T63&U63&V63&W63 -> GOV-02GOV-02-KPI-01إلتزام الجمعية بتطبيق معايير الحوكمةنسبةكلما زاد كان أفضلربع سنويتقريرإدارة الأداء و النمو00.980.98
A64: HR-01 | B64: HR-01-KPI-01 | C64: مؤشر عدد المتدربين يكون اكثر ب 30 بالمئة من عدد مشاريع التدريب | E64: عدد | F64: كلما زاد كان أفضل | G64: ربع سنوي | H64: تقرير | I64: إدارة الأداء و النمو | J64: 0 | K64: 70 | L64: 10 | N64: =IF(AND($T64="معتمد",$L64>0),$M64/$L64,"") | O64: =IF($T64="معتمد",$M64-$L64,"") | P64: =IF(AND($T64="معتمد",$L64>0),($M64-$L64)/$L64,"") | V64: =IF($T64<>"معتمد","",IFERROR((IF(AND('قياس الأداء للربع الأول'!$T62="معتمد",'قياس الأداء للربع الأول'!$L62>0),'قياس الأداء للربع الأول'!$M62,0)+IF(AND('قياس الأداء للربع الثاني'!$Q63="معتمد",'قياس الأداء للربع الثاني'!$L63>0),'قياس الأداء للربع الثاني'!$M63,0)+IF(AND($T64="معتمد",$L64>0),$M64,0))/(IF(AND('قياس الأداء للربع الأول'!$T62="معتمد",'قياس الأداء للربع الأول'!$L62>0),'قياس الأداء للربع الأول'!$L62,0)+IF(AND('قياس الأداء للربع الثاني'!$Q63="معتمد",'قياس الأداء للربع الثاني'!$L63>0),'قياس الأداء للربع الثاني'!$L63,0)+IF(AND($T64="معتمد",$L64>0),$L64,0)),"")) | W64: =IF(AND($T64="معتمد",$K64>0),(IF('قياس الأداء للربع الأول'!$T62="معتمد",'قياس الأداء للربع الأول'!$M62,0)+IF('قياس الأداء للربع الثاني'!$Q63="معتمد",'قياس الأداء للربع الثاني'!$M63,0)+IF($T64="معتمد",$M64,0))/$K64,"") | X64: =A64&B64&C64&D64&E64&F64&G64&H64&I64&J64&K64&L64&M64&N64&O64&P64&Q64&R64&S64&T64&U64&V64&W64 -> HR-01HR-01-KPI-01مؤشر عدد المتدربين يكون اكثر ب 30 بالمئة من عدد مشاريع التدريبعددكلما زاد كان أفضلربع سنويتقريرإدارة الأداء و النمو07010
A65: HR-02 | B65: HR-02-KPI-01 | C65: نسبة تطبيق خطط التطوير الفردية | E65: نسبة | F65: كلما زاد كان أفضل | G65: ربع سنوي | H65: تقرير | I65: إدارة الأداء و النمو | J65: 0 | K65: 0.7 | L65: 0.5 | N65: =IF(AND($T65="معتمد",$L65>0),$M65/$L65,"") | O65: =IF($T65="معتمد",$M65-$L65,"") | P65: =IF(AND($T65="معتمد",$L65>0),($M65-$L65)/$L65,"") | V65: =IF($T65<>"معتمد","",IFERROR((IF(AND('قياس الأداء للربع الأول'!$T63="معتمد",'قياس الأداء للربع الأول'!$L63>0),'قياس الأداء للربع الأول'!$M63,0)+IF(AND('قياس الأداء للربع الثاني'!$Q64="معتمد",'قياس الأداء للربع الثاني'!$L64>0),'قياس الأداء للربع الثاني'!$M64,0)+IF(AND($T65="معتمد",$L65>0),$M65,0))/(IF(AND('قياس الأداء للربع الأول'!$T63="معتمد",'قياس الأداء للربع الأول'!$L63>0),'قياس الأداء للربع الأول'!$L63,0)+IF(AND('قياس الأداء للربع الثاني'!$Q64="معتمد",'قياس الأداء للربع الثاني'!$L64>0),'قياس الأداء للربع الثاني'!$L64,0)+IF(AND($T65="معتمد",$L65>0),$L65,0)),"")) | W65: =IF(AND($T65="معتمد",$K65>0),(IF('قياس الأداء للربع الأول'!$T63="معتمد",'قياس الأداء للربع الأول'!$M63,0)+IF('قياس الأداء للربع الثاني'!$Q64="معتمد",'قياس الأداء للربع الثاني'!$M64,0)+IF($T65="معتمد",$M65,0))/$K65,"") | X65: =A65&B65&C65&D65&E65&F65&G65&H65&I65&J65&K65&L65&M65&N65&O65&P65&Q65&R65&S65&T65&U65&V65&W65 -> HR-02HR-02-KPI-01نسبة تطبيق خطط التطوير الفردية نسبةكلما زاد كان أفضلربع سنويتقريرإدارة الأداء و النمو00.70.5
A66: HR-03 | B66: HR-03-KPI-01 | C66: نسبة التزام الموظفين بساعات العمل (الحضور والانصراف) | E66: نسبة | F66: كلما زاد كان أفضل | G66: ربع سنوي | H66: تقرير | I66: إدارة الأداء و النمو | J66: 0 | K66: 0.9 | L66: 0.7 | N66: =IF(AND($T66="معتمد",$L66>0),$M66/$L66,"") | O66: =IF($T66="معتمد",$M66-$L66,"") | P66: =IF(AND($T66="معتمد",$L66>0),($M66-$L66)/$L66,"") | V66: =IF($T66<>"معتمد","",IFERROR((IF(AND('قياس الأداء للربع الأول'!$T64="معتمد",'قياس الأداء للربع الأول'!$L64>0),'قياس الأداء للربع الأول'!$M64,0)+IF(AND('قياس الأداء للربع الثاني'!$Q65="معتمد",'قياس الأداء للربع الثاني'!$L65>0),'قياس الأداء للربع الثاني'!$M65,0)+IF(AND($T66="معتمد",$L66>0),$M66,0))/(IF(AND('قياس الأداء للربع الأول'!$T64="معتمد",'قياس الأداء للربع الأول'!$L64>0),'قياس الأداء للربع الأول'!$L64,0)+IF(AND('قياس الأداء للربع الثاني'!$Q65="معتمد",'قياس الأداء للربع الثاني'!$L65>0),'قياس الأداء للربع الثاني'!$L65,0)+IF(AND($T66="معتمد",$L66>0),$L66,0)),"")) | W66: =IF(AND($T66="معتمد",$K66>0),(IF('قياس الأداء للربع الأول'!$T64="معتمد",'قياس الأداء للربع الأول'!$M64,0)+IF('قياس الأداء للربع الثاني'!$Q65="معتمد",'قياس الأداء للربع الثاني'!$M65,0)+IF($T66="معتمد",$M66,0))/$K66,"") | X66: =A66&B66&C66&D66&E66&F66&G66&H66&I66&J66&K66&L66&M66&N66&O66&P66&Q66&R66&S66&T66&U66&V66&W66 -> HR-03HR-03-KPI-01نسبة التزام الموظفين بساعات العمل (الحضور والانصراف)نسبةكلما زاد كان أفضلربع سنويتقريرإدارة الأداء و النمو00.90.7
A67: HR-03 | B67: HR-03-KPI-02 | C67: نسبة الموظفين الذين تم تقييمهم وفق نظام الأداء المعتمد | E67: نسبة | F67: كلما زاد كان أفضل | G67: ربع سنوي | H67: تقرير | I67: إدارة الأداء و النمو | J67: 0 | K67: 1 | L67: 1 | N67: =IF(AND($T67="معتمد",$L67>0),$M67/$L67,"") | O67: =IF($T67="معتمد",$M67-$L67,"") | P67: =IF(AND($T67="معتمد",$L67>0),($M67-$L67)/$L67,"") | V67: =IF($T67<>"معتمد","",IFERROR((IF(AND('قياس الأداء للربع الأول'!$T65="معتمد",'قياس الأداء للربع الأول'!$L65>0),'قياس الأداء للربع الأول'!$M65,0)+IF(AND('قياس الأداء للربع الثاني'!$Q66="معتمد",'قياس الأداء للربع الثاني'!$L66>0),'قياس الأداء للربع الثاني'!$M66,0)+IF(AND($T67="معتمد",$L67>0),$M67,0))/(IF(AND('قياس الأداء للربع الأول'!$T65="معتمد",'قياس الأداء للربع الأول'!$L65>0),'قياس الأداء للربع الأول'!$L65,0)+IF(AND('قياس الأداء للربع الثاني'!$Q66="معتمد",'قياس الأداء للربع الثاني'!$L66>0),'قياس الأداء للربع الثاني'!$L66,0)+IF(AND($T67="معتمد",$L67>0),$L67,0)),"")) | W67: =IF(AND($T67="معتمد",$K67>0),(IF('قياس الأداء للربع الأول'!$T65="معتمد",'قياس الأداء للربع الأول'!$M65,0)+IF('قياس الأداء للربع الثاني'!$Q66="معتمد",'قياس الأداء للربع الثاني'!$M66,0)+IF($T67="معتمد",$M67,0))/$K67,"") | X67: =A67&B67&C67&D67&E67&F67&G67&H67&I67&J67&K67&L67&M67&N67&O67&P67&Q67&R67&S67&T67&U67&V67&W67 -> HR-03HR-03-KPI-02نسبة الموظفين الذين تم تقييمهم وفق نظام الأداء المعتمدنسبةكلما زاد كان أفضلربع سنويتقريرإدارة الأداء و النمو011
A68: OPS-02 | B68: OPS-02-KPI-01 | C68: نسبة الالتزام بتنفيذ طلبات الفعاليات الداخلية في الوقت المعتمد | E68: نسبة | F68: كلما زاد كان أفضل | G68: ربع سنوي | H68: تقرير | I68: إدارة الأداء و النمو | J68: 0 | K68: 0.97 | L68: 0.85 | N68: =IF(AND($T68="معتمد",$L68>0),$M68/$L68,"") | O68: =IF($T68="معتمد",$M68-$L68,"") | P68: =IF(AND($T68="معتمد",$L68>0),($M68-$L68)/$L68,"") | V68: =IF($T68<>"معتمد","",IFERROR((IF(AND('قياس الأداء للربع الأول'!$T66="معتمد",'قياس الأداء للربع الأول'!$L66>0),'قياس الأداء للربع الأول'!$M66,0)+IF(AND('قياس الأداء للربع الثاني'!$Q67="معتمد",'قياس الأداء للربع الثاني'!$L67>0),'قياس الأداء للربع الثاني'!$M67,0)+IF(AND($T68="معتمد",$L68>0),$M68,0))/(IF(AND('قياس الأداء للربع الأول'!$T66="معتمد",'قياس الأداء للربع الأول'!$L66>0),'قياس الأداء للربع الأول'!$L66,0)+IF(AND('قياس الأداء للربع الثاني'!$Q67="معتمد",'قياس الأداء للربع الثاني'!$L67>0),'قياس الأداء للربع الثاني'!$L67,0)+IF(AND($T68="معتمد",$L68>0),$L68,0)),"")) | W68: =IF(AND($T68="معتمد",$K68>0),(IF('قياس الأداء للربع الأول'!$T66="معتمد",'قياس الأداء للربع الأول'!$M66,0)+IF('قياس الأداء للربع الثاني'!$Q67="معتمد",'قياس الأداء للربع الثاني'!$M67,0)+IF($T68="معتمد",$M68,0))/$K68,"") | X68: =A68&B68&C68&D68&E68&F68&G68&H68&I68&J68&K68&L68&M68&N68&O68&P68&Q68&R68&S68&T68&U68&V68&W68 -> OPS-02OPS-02-KPI-01نسبة الالتزام بتنفيذ طلبات الفعاليات الداخلية في الوقت المعتمدنسبةكلما زاد كان أفضلربع سنويتقريرإدارة الأداء و النمو00.970.85
A69: PRG-01 | B69: PRG-01-KPI-01 | C69: مستوى رضا المشاركين عن اللقاءات والفعاليات | E69: نسبة | F69: كلما زاد كان أفضل | G69: ربع سنوي | H69: تقرير | I69: إدارة الأداء و النمو | J69: 0 | K69: 0 | L69: 0 | N69: =IF(AND($T69="معتمد",$L69>0),$M69/$L69,"") | O69: =IF($T69="معتمد",$M69-$L69,"") | P69: =IF(AND($T69="معتمد",$L69>0),($M69-$L69)/$L69,"") | V69: =IF($T69<>"معتمد","",IFERROR((IF(AND('قياس الأداء للربع الأول'!$T67="معتمد",'قياس الأداء للربع الأول'!$L67>0),'قياس الأداء للربع الأول'!$M67,0)+IF(AND('قياس الأداء للربع الثاني'!$Q68="معتمد",'قياس الأداء للربع الثاني'!$L68>0),'قياس الأداء للربع الثاني'!$M68,0)+IF(AND($T69="معتمد",$L69>0),$M69,0))/(IF(AND('قياس الأداء للربع الأول'!$T67="معتمد",'قياس الأداء للربع الأول'!$L67>0),'قياس الأداء للربع الأول'!$L67,0)+IF(AND('قياس الأداء للربع الثاني'!$Q68="معتمد",'قياس الأداء للربع الثاني'!$L68>0),'قياس الأداء للربع الثاني'!$L68,0)+IF(AND($T69="معتمد",$L69>0),$L69,0)),"")) | W69: =IF(AND($T69="معتمد",$K69>0),(IF('قياس الأداء للربع الأول'!$T67="معتمد",'قياس الأداء للربع الأول'!$M67,0)+IF('قياس الأداء للربع الثاني'!$Q68="معتمد",'قياس الأداء للربع الثاني'!$M68,0)+IF($T69="معتمد",$M69,0))/$K69,"") | X69: =A69&B69&C69&D69&E69&F69&G69&H69&I69&J69&K69&L69&M69&N69&O69&P69&Q69&R69&S69&T69&U69&V69&W69 -> PRG-01PRG-01-KPI-01مستوى رضا المشاركين عن اللقاءات والفعالياتنسبةكلما زاد كان أفضلربع سنويتقريرإدارة الأداء و النمو000
A70: PRG-02 | B70: PRG-02-KPI-01 | C70: نسبة مشاركة سفراء الزاد في الأنشطة المعتمدة | E70: نسبة | F70: كلما زاد كان أفضل | G70: ربع سنوي | H70: تقرير | I70: إدارة الأداء و النمو | J70: 0 | K70: 0 | L70: 0 | N70: =IF(AND($T70="معتمد",$L70>0),$M70/$L70,"") | O70: =IF($T70="معتمد",$M70-$L70,"") | P70: =IF(AND($T70="معتمد",$L70>0),($M70-$L70)/$L70,"") | V70: =IF($T70<>"معتمد","",IFERROR((IF(AND('قياس الأداء للربع الأول'!$T68="معتمد",'قياس الأداء للربع الأول'!$L68>0),'قياس الأداء للربع الأول'!$M68,0)+IF(AND('قياس الأداء للربع الثاني'!$Q69="معتمد",'قياس الأداء للربع الثاني'!$L69>0),'قياس الأداء للربع الثاني'!$M69,0)+IF(AND($T70="معتمد",$L70>0),$M70,0))/(IF(AND('قياس الأداء للربع الأول'!$T68="معتمد",'قياس الأداء للربع الأول'!$L68>0),'قياس الأداء للربع الأول'!$L68,0)+IF(AND('قياس الأداء للربع الثاني'!$Q69="معتمد",'قياس الأداء للربع الثاني'!$L69>0),'قياس الأداء للربع الثاني'!$L69,0)+IF(AND($T70="معتمد",$L70>0),$L70,0)),"")) | W70: =IF(AND($T70="معتمد",$K70>0),(IF('قياس الأداء للربع الأول'!$T68="معتمد",'قياس الأداء للربع الأول'!$M68,0)+IF('قياس الأداء للربع الثاني'!$Q69="معتمد",'قياس الأداء للربع الثاني'!$M69,0)+IF($T70="معتمد",$M70,0))/$K70,"") | X70: =A70&B70&C70&D70&E70&F70&G70&H70&I70&J70&K70&L70&M70&N70&O70&P70&Q70&R70&S70&T70&U70&V70&W70 -> PRG-02PRG-02-KPI-01نسبة مشاركة سفراء الزاد في الأنشطة المعتمدةنسبةكلما زاد كان أفضلربع سنويتقريرإدارة الأداء و النمو000
A71: COM-01 | B71: COM-01-KPI-01 | C71: نسبة إنجاز المحتوى وفق خطة النشر | E71: نسبة | F71: كلما زاد كان أفضل | G71: ربع سنوي | H71: تقرير | I71: إدارة الأداء و النمو | J71: 0 | K71: 0.95 | L71: 0.9 | N71: =IF(AND($T71="معتمد",$L71>0),$M71/$L71,"") | O71: =IF($T71="معتمد",$M71-$L71,"") | P71: =IF(AND($T71="معتمد",$L71>0),($M71-$L71)/$L71,"") | V71: =IF($T71<>"معتمد","",IFERROR((IF(AND('قياس الأداء للربع الأول'!$T69="معتمد",'قياس الأداء للربع الأول'!$L69>0),'قياس الأداء للربع الأول'!$M69,0)+IF(AND('قياس الأداء للربع الثاني'!$Q70="معتمد",'قياس الأداء للربع الثاني'!$L70>0),'قياس الأداء للربع الثاني'!$M70,0)+IF(AND($T71="معتمد",$L71>0),$M71,0))/(IF(AND('قياس الأداء للربع الأول'!$T69="معتمد",'قياس الأداء للربع الأول'!$L69>0),'قياس الأداء للربع الأول'!$L69,0)+IF(AND('قياس الأداء للربع الثاني'!$Q70="معتمد",'قياس الأداء للربع الثاني'!$L70>0),'قياس الأداء للربع الثاني'!$L70,0)+IF(AND($T71="معتمد",$L71>0),$L71,0)),"")) | W71: =IF(AND($T71="معتمد",$K71>0),(IF('قياس الأداء للربع الأول'!$T69="معتمد",'قياس الأداء للربع الأول'!$M69,0)+IF('قياس الأداء للربع الثاني'!$Q70="معتمد",'قياس الأداء للربع الثاني'!$M70,0)+IF($T71="معتمد",$M71,0))/$K71,"") | X71: =A71&B71&C71&D71&E71&F71&G71&H71&I71&J71&K71&L71&M71&N71&O71&P71&Q71&R71&S71&T71&U71&V71&W71 -> COM-01COM-01-KPI-01نسبة إنجاز المحتوى وفق خطة النشرنسبةكلما زاد كان أفضلربع سنويتقريرإدارة الأداء و النمو00.950.9
... A80: PRG-04 | B80: PRG-04-KPI-01 | C80: عدد المنتجات والمحتويات المعرفية المنتجة | E80: عدد | F80: كلما زاد كان أفضل | G80: ربع سنوي | H80: تقرير | I80: إدارة الأداء و النمو | J80: 0 | K80: 6 | L80: 0 | N80: =IF(AND($T80="معتمد",$L80>0),$M80/$L80,"") | O80: =IF($T80="معتمد",$M80-$L80,"") | P80: =IF(AND($T80="معتمد",$L80>0),($M80-$L80)/$L80,"") | V80: =IF($T80<>"معتمد","",IFERROR((IF(AND('قياس الأداء للربع الأول'!$T78="معتمد",'قياس الأداء للربع الأول'!$L78>0),'قياس الأداء للربع الأول'!$M78,0)+IF(AND('قياس الأداء للربع الثاني'!$Q79="معتمد",'قياس الأداء للربع الثاني'!$L79>0),'قياس الأداء للربع الثاني'!$M79,0)+IF(AND($T80="معتمد",$L80>0),$M80,0))/(IF(AND('قياس الأداء للربع الأول'!$T78="معتمد",'قياس الأداء للربع الأول'!$L78>0),'قياس الأداء للربع الأول'!$L78,0)+IF(AND('قياس الأداء للربع الثاني'!$Q79="معتمد",'قياس الأداء للربع الثاني'!$L79>0),'قياس الأداء للربع الثاني'!$L79,0)+IF(AND($T80="معتمد",$L80>0),$L80,0)),"")) | W80: =IF(AND($T80="معتمد",$K80>0),(IF('قياس الأداء للربع الأول'!$T78="معتمد",'قياس الأداء للربع الأول'!$M78,0)+IF('قياس الأداء للربع الثاني'!$Q79="معتمد",'قياس الأداء للربع الثاني'!$M79,0)+IF($T80="معتمد",$M80,0))/$K80,"") | X80: =A80&B80&C80&D80&E80&F80&G80&H80&I80&J80&K80&L80&M80&N80&O80&P80&Q80&R80&S80&T80&U80&V80&W80 -> PRG-04PRG-04-KPI-01عدد المنتجات والمحتويات المعرفية المنتجةعددكلما زاد كان أفضلربع سنويتقريرإدارة الأداء و النمو060

Sheet قياس الأداء للربع الرابع
A1: قياس الأداء لعام 2026 الربع الرابع
A2: رمزالهدف | B2: رمزالمؤشر | C2: اسم المؤشر | D2: نوع المؤشر | E2: وحدة القياس | F2: الإتجاه | G2: دورية القياس | H2: البيانات المطلوبة للقياس | I2: الإدارة المالكة | J2: خط الأساس | K2: مستهدف عام 2026 | L2: المستهدف للربع الأول | M2: المتحقق الفعلي للربع الأول | N2: نسبة الإنجاز Q1 | O2: قيمة الانحراف Q1 | P2: نسبة الانحراف Q1 | Q2: ماذا حصل Q1؟ | R2: كيف حصل Q1؟ | S2: إرفاق شواهد Q1 | T2: حالة الإعتماد | U2: توصيات قسم الاستراتيجية | V2: الأداء السنوي | W2: نسبة التقدم نحو المستهدف السنوي | X2: شامل
A3: ع1 | B3: ع1-1 | C3: متوسط ما تتحصل عليه الأسرة من الجمعية | E3: ريال | F3: كلما زاد كان أفضل | G3: ربع سنوي | H3: تقرير مالي بالمعونات المقدمة للأسر المستفيدة وعدد الأسر المستفيدة | I3: إدارة الرعاية و التمكين | J3: 0 | K3: 20000 | L3: 4000 | N3: =IF(AND($T3="معتمد",$L3>0),$M3/$L3,"") -> 0 | O3: =IF($T3="معتمد",$M3-$L3,"") -> -4000 | P3: =IF(AND($T3="معتمد",$L3>0),($M3-$L3)/$L3,"") -> -1 | T3: معتمد | V3: =IF($T3<>"معتمد","",IFERROR((IF(AND('قياس الأداء للربع الأول'!#REF!="معتمد",'قياس الأداء للربع الأول'!#REF!>0),'قياس الأداء للربع الأول'!#REF!,0)+IF(AND('قياس الأداء للربع الثاني'!#REF!="معتمد",'قياس الأداء للربع الثاني'!#REF!>0),'قياس الأداء للربع الثاني'!#REF!,0)+IF(AND('قياس الأداء للربع الثالث'!$T3="معتمد",'قياس الأداء للربع الثالث'!$L3>0),'قياس الأداء للربع الثالث'!$M3,0)+IF(AND($T3="معتمد",$L3>0),$M3,0))/(IF(AND('قياس الأداء للربع الأول'!#REF!="معتمد",'قياس الأداء للربع الأول'!#REF!>0),'قياس الأداء للربع الأول'!#REF!,0)+IF(AND('قياس الأداء للربع الثاني'!#REF!="معتمد",'قياس الأداء للربع الثاني'!#REF!>0),'قياس الأداء للربع الثاني'!#REF!,0)+IF(AND('قياس الأداء للربع الثالث'!$T3="معتمد",'قياس الأداء للربع الثالث'!$L3>0),'قياس الأداء للربع الثالث'!$L3,0)+IF(AND($T3="معتمد",$L3>0),$L3,0)),"")) | W3: =IF(AND($T3="معتمد",$K3>0),(IF('قياس الأداء للربع الأول'!#REF!="معتمد",'قياس الأداء للربع الأول'!#REF!,0)+IF('قياس الأداء للربع الثاني'!#REF!="معتمد",'قياس الأداء للربع الثاني'!#REF!,0)+IF('قياس الأداء للربع الثالث'!$T3="معتمد",'قياس الأداء للربع الثالث'!$M3,0)+IF($T3="معتمد",$M3,0))/$K3,"") -> #REF! | X3: =A3&B3&C3&D3&E3&F3&G3&H3&I3&J3&K3&L3&M3&N3&O3&P3&Q3&R3&S3&T3&U3&V3&W3 -> #REF!
A4: ع1 | B4: ع1-1 | C4: متوسط ما تتحصل عليه الأسرة من الجمعية | E4: ريال | F4: كلما زاد كان أفضل | G4: ربع سنوي | H4: تقرير مالي بالمعونات المقدمة للأسر المستفيدة وعدد الأسر المستفيدة | I4: إدارة الرعاية و التمكين | J4: 0 | K4: 20000 | L4: 4000 | N4: =IF(AND($T4="معتمد",$L4>0),$M4/$L4,"") | O4: =IF($T4="معتمد",$M4-$L4,"") | P4: =IF(AND($T4="معتمد",$L4>0),($M4-$L4)/$L4,"") | T4: تحت المراجعة | V4: =IF($T4<>"معتمد","",IFERROR((IF(AND('قياس الأداء للربع الأول'!$T3="معتمد",'قياس الأداء للربع الأول'!$L3>0),'قياس الأداء للربع الأول'!$M3,0)+IF(AND('قياس الأداء للربع الثاني'!$Q3="معتمد",'قياس الأداء للربع الثاني'!$L3>0),'قياس الأداء للربع الثاني'!$M3,0)+IF(AND('قياس الأداء للربع الثالث'!$T4="معتمد",'قياس الأداء للربع الثالث'!$L4>0),'قياس الأداء للربع الثالث'!$M4,0)+IF(AND($T4="معتمد",$L4>0),$M4,0))/(IF(AND('قياس الأداء للربع الأول'!$T3="معتمد",'قياس الأداء للربع الأول'!$L3>0),'قياس الأداء للربع الأول'!$L3,0)+IF(AND('قياس الأداء للربع الثاني'!$Q3="معتمد",'قياس الأداء للربع الثاني'!$L3>0),'قياس الأداء للربع الثاني'!$L3,0)+IF(AND('قياس الأداء للربع الثالث'!$T4="معتمد",'قياس الأداء للربع الثالث'!$L4>0),'قياس الأداء للربع الثالث'!$L4,0)+IF(AND($T4="معتمد",$L4>0),$L4,0)),"")) | W4: =IF(AND($T4="معتمد",$K4>0),(IF('قياس الأداء للربع الأول'!$T3="معتمد",'قياس الأداء للربع الأول'!$M3,0)+IF('قياس الأداء للربع الثاني'!$Q3="معتمد",'قياس الأداء للربع الثاني'!$M3,0)+IF('قياس الأداء للربع الثالث'!$T4="معتمد",'قياس الأداء للربع الثالث'!$M4,0)+IF($T4="معتمد",$M4,0))/$K4,"") | X4: =A4&B4&C4&D4&E4&F4&G4&H4&I4&J4&K4&L4&M4&N4&O4&P4&Q4&R4&S4&T4&U4&V4&W4 -> ع1ع1-1متوسط ما تتحصل عليه الأسرة من الجمعية ريالكلما زاد كان أفضلربع سنويتقرير مالي بالمعونات المقدمة للأسر المستفيدة وعدد الأسر المستفيدةإدارة الرعاية و التمكين0200004000تحت المراجعة | AA4: البحث عن: | AB4: تح
A5: ع1 | B5: ع2-1 | C5: نسبة الأسر التي تم توفير الاحتياجات الضرورية لها | E5: نسبة | F5: كلما زاد كان أفضل | G5: ربع سنوي | H5: تقرير يصف الإحتياجات الضرورية المعرّفة في الجمعية والأسر المستفيدة منها | I5: إدارة الرعاية و التمكين | J5: 0 | K5: 0.94 | L5: 0.94 | N5: =IF(AND($T5="معتمد",$L5>0),$M5/$L5,"") | O5: =IF($T5="معتمد",$M5-$L5,"") | P5: =IF(AND($T5="معتمد",$L5>0),($M5-$L5)/$L5,"") | T5: تحت المراجعة | V5: =IF($T5<>"معتمد","",IFERROR((IF(AND('قياس الأداء للربع الأول'!$T4="معتمد",'قياس الأداء للربع الأول'!$L4>0),'قياس الأداء للربع الأول'!$M4,0)+IF(AND('قياس الأداء للربع الثاني'!$Q4="معتمد",'قياس الأداء للربع الثاني'!$L4>0),'قياس الأداء للربع الثاني'!$M4,0)+IF(AND('قياس الأداء للربع الثالث'!$T5="معتمد",'قياس الأداء للربع الثالث'!$L5>0),'قياس الأداء للربع الثالث'!$M5,0)+IF(AND($T5="معتمد",$L5>0),$M5,0))/(IF(AND('قياس الأداء للربع الأول'!$T4="معتمد",'قياس الأداء للربع الأول'!$L4>0),'قياس الأداء للربع الأول'!$L4,0)+IF(AND('قياس الأداء للربع الثاني'!$Q4="معتمد",'قياس الأداء للربع الثاني'!$L4>0),'قياس الأداء للربع الثاني'!$L4,0)+IF(AND('قياس الأداء للربع الثالث'!$T5="معتمد",'قياس الأداء للربع الثالث'!$L5>0),'قياس الأداء للربع الثالث'!$L5,0)+IF(AND($T5="معتمد",$L5>0),$L5,0)),"")) | W5: =IF(AND($T5="معتمد",$K5>0),(IF('قياس الأداء للربع الأول'!$T4="معتمد",'قياس الأداء للربع الأول'!$M4,0)+IF('قياس الأداء للربع الثاني'!$Q4="معتمد",'قياس الأداء للربع الثاني'!$M4,0)+IF('قياس الأداء للربع الثالث'!$T5="معتمد",'قياس الأداء للربع الثالث'!$M5,0)+IF($T5="معتمد",$M5,0))/$K5,"") | X5: =A5&B5&C5&D5&E5&F5&G5&H5&I5&J5&K5&L5&M5&N5&O5&P5&Q5&R5&S5&T5&U5&V5&W5 -> ع1ع2-1نسبة الأسر التي تم توفير الاحتياجات الضرورية لها نسبةكلما زاد كان أفضلربع سنويتقرير يصف الإحتياجات الضرورية المعرّفة في الجمعية والأسر المستفيدة منهاإدارة الرعاية و التمكين00.940.94تحت المراجعة
A6: ع2 | B6: ع1-2 | C6: عدد المستفيدين الذين تم تأهيلهم | E6: مستفيد | F6: كلما زاد كان أفضل | G6: ربع سنوي | H6: قائمة ببرامج التأهيل وعدد المستفيدين من كل برنامج | I6: إدارة الرعاية و التمكين | J6: 0 | K6: 450 | L6: 100 | N6: =IF(AND($T6="معتمد",$L6>0),$M6/$L6,"") | O6: =IF($T6="معتمد",$M6-$L6,"") | P6: =IF(AND($T6="معتمد",$L6>0),($M6-$L6)/$L6,"") | V6: =IF($T6<>"معتمد","",IFERROR((IF(AND('قياس الأداء للربع الأول'!$T5="معتمد",'قياس الأداء للربع الأول'!$L5>0),'قياس الأداء للربع الأول'!$M5,0)+IF(AND('قياس الأداء للربع الثاني'!$Q5="معتمد",'قياس الأداء للربع الثاني'!$L5>0),'قياس الأداء للربع الثاني'!$M5,0)+IF(AND('قياس الأداء للربع الثالث'!$T6="معتمد",'قياس الأداء للربع الثالث'!$L6>0),'قياس الأداء للربع الثالث'!$M6,0)+IF(AND($T6="معتمد",$L6>0),$M6,0))/(IF(AND('قياس الأداء للربع الأول'!$T5="معتمد",'قياس الأداء للربع الأول'!$L5>0),'قياس الأداء للربع الأول'!$L5,0)+IF(AND('قياس الأداء للربع الثاني'!$Q5="معتمد",'قياس الأداء للربع الثاني'!$L5>0),'قياس الأداء للربع الثاني'!$L5,0)+IF(AND('قياس الأداء للربع الثالث'!$T6="معتمد",'قياس الأداء للربع الثالث'!$L6>0),'قياس الأداء للربع الثالث'!$L6,0)+IF(AND($T6="معتمد",$L6>0),$L6,0)),"")) | W6: =IF(AND($T6="معتمد",$K6>0),(IF('قياس الأداء للربع الأول'!$T5="معتمد",'قياس الأداء للربع الأول'!$M5,0)+IF('قياس الأداء للربع الثاني'!$Q5="معتمد",'قياس الأداء للربع الثاني'!$M5,0)+IF('قياس الأداء للربع الثالث'!$T6="معتمد",'قياس الأداء للربع الثالث'!$M6,0)+IF($T6="معتمد",$M6,0))/$K6,"") | X6: =A6&B6&C6&D6&E6&F6&G6&H6&I6&J6&K6&L6&M6&N6&O6&P6&Q6&R6&S6&T6&U6&V6&W6 -> ع2ع1-2عدد المستفيدين الذين تم تأهيلهممستفيدكلما زاد كان أفضلربع سنويقائمة ببرامج التأهيل وعدد المستفيدين من كل برنامجإدارة الرعاية و التمكين0450100
A7: ع2 | B7: ع2-2 | C7: عدد الأسر التي استغنت عن خدمات الجمعيات | E7: أسرة | F7: كلما زاد كان أفضل | G7: ربع سنوي | H7: قائمة بمستفيدي الجمعية والأسر التي استغنت عن خدمات الجمعية | I7: إدارة التكافل المجتمعي | J7: 0 | K7: 50 | L7: 5 | N7: =IF(AND($T7="معتمد",$L7>0),$M7/$L7,"") | O7: =IF($T7="معتمد",$M7-$L7,"") | P7: =IF(AND($T7="معتمد",$L7>0),($M7-$L7)/$L7,"") | V7: =IF($T7<>"معتمد","",IFERROR((IF(AND('قياس الأداء للربع الأول'!$T6="معتمد",'قياس الأداء للربع الأول'!$L6>0),'قياس الأداء للربع الأول'!$M6,0)+IF(AND('قياس الأداء للربع الثاني'!$Q6="معتمد",'قياس الأداء للربع الثاني'!$L6>0),'قياس الأداء للربع الثاني'!$M6,0)+IF(AND('قياس الأداء للربع الثالث'!$T7="معتمد",'قياس الأداء للربع الثالث'!$L7>0),'قياس الأداء للربع الثالث'!$M7,0)+IF(AND($T7="معتمد",$L7>0),$M7,0))/(IF(AND('قياس الأداء للربع الأول'!$T6="معتمد",'قياس الأداء للربع الأول'!$L6>0),'قياس الأداء للربع الأول'!$L6,0)+IF(AND('قياس الأداء للربع الثاني'!$Q6="معتمد",'قياس الأداء للربع الثاني'!$L6>0),'قياس الأداء للربع الثاني'!$L6,0)+IF(AND('قياس الأداء للربع الثالث'!$T7="معتمد",'قياس الأداء للربع الثالث'!$L7>0),'قياس الأداء للربع الثالث'!$L7,0)+IF(AND($T7="معتمد",$L7>0),$L7,0)),"")) | W7: =IF(AND($T7="معتمد",$K7>0),(IF('قياس الأداء للربع الأول'!$T6="معتمد",'قياس الأداء للربع الأول'!$M6,0)+IF('قياس الأداء للربع الثاني'!$Q6="معتمد",'قياس الأداء للربع الثاني'!$M6,0)+IF('قياس الأداء للربع الثالث'!$T7="معتمد",'قياس الأداء للربع الثالث'!$M7,0)+IF($T7="معتمد",$M7,0))/$K7,"") | X7: =A7&B7&C7&D7&E7&F7&G7&H7&I7&J7&K7&L7&M7&N7&O7&P7&Q7&R7&S7&T7&U7&V7&W7 -> ع2ع2-2عدد الأسر التي استغنت عن خدمات الجمعياتأسرةكلما زاد كان أفضلربع سنويقائمة بمستفيدي الجمعية والأسر التي استغنت عن خدمات الجمعيةإدارة التكافل المجتمعي0505
A8: ع3 | B8: ع1-3 | C8: عدد المبادرات المنفذة لحماية الأسر من مسببات الفقر | E8: مبادرة | F8: كلما زاد كان أفضل | G8: ربع سنوي | H8: تقرير بالمبادرات المنفذة لحماية الأسر من مسببات الفقر | I8: إدارة التكافل المجتمعي | J8: 0 | K8: 7 | L8: 0 | N8: =IF(AND($T8="معتمد",$L8>0),$M8/$L8,"") | O8: =IF($T8="معتمد",$M8-$L8,"") | P8: =IF(AND($T8="معتمد",$L8>0),($M8-$L8)/$L8,"") | V8: =IF($T8<>"معتمد","",IFERROR((IF(AND('قياس الأداء للربع الأول'!$T7="معتمد",'قياس الأداء للربع الأول'!$L7>0),'قياس الأداء للربع الأول'!$M7,0)+IF(AND('قياس الأداء للربع الثاني'!$Q7="معتمد",'قياس الأداء للربع الثاني'!$L7>0),'قياس الأداء للربع الثاني'!$M7,0)+IF(AND('قياس الأداء للربع الثالث'!$T8="معتمد",'قياس الأداء للربع الثالث'!$L8>0),'قياس الأداء للربع الثالث'!$M8,0)+IF(AND($T8="معتمد",$L8>0),$M8,0))/(IF(AND('قياس الأداء للربع الأول'!$T7="معتمد",'قياس الأداء للربع الأول'!$L7>0),'قياس الأداء للربع الأول'!$L7,0)+IF(AND('قياس الأداء للربع الثاني'!$Q7="معتمد",'قياس الأداء للربع الثاني'!$L7>0),'قياس الأداء للربع الثاني'!$L7,0)+IF(AND('قياس الأداء للربع الثالث'!$T8="معتمد",'قياس الأداء للربع الثالث'!$L8>0),'قياس الأداء للربع الثالث'!$L8,0)+IF(AND($T8="معتمد",$L8>0),$L8,0)),"")) | W8: =IF(AND($T8="معتمد",$K8>0),(IF('قياس الأداء للربع الأول'!$T7="معتمد",'قياس الأداء للربع الأول'!$M7,0)+IF('قياس الأداء للربع الثاني'!$Q7="معتمد",'قياس الأداء للربع الثاني'!$M7,0)+IF('قياس الأداء للربع الثالث'!$T8="معتمد",'قياس الأداء للربع الثالث'!$M8,0)+IF($T8="معتمد",$M8,0))/$K8,"") | X8: =A8&B8&C8&D8&E8&F8&G8&H8&I8&J8&K8&L8&M8&N8&O8&P8&Q8&R8&S8&T8&U8&V8&W8 -> ع3ع1-3عدد المبادرات المنفذة لحماية الأسر من مسببات الفقرمبادرةكلما زاد كان أفضلربع سنويتقرير بالمبادرات المنفذة لحماية الأسر من مسببات الفقرإدارة التكافل المجتمعي070
A9: ع3 | B9: ع2-3 | C9: عدد المستفيدين من المبادرات | E9: مستفيد | F9: كلما زاد كان أفضل | G9: ربع سنوي | H9: تقرير بالمبادرات المنفذة لحماية الأسر من مسببات الفقر، ونوعها وعدد المستفيدين في كل مبادرة | I9: إدارة التكافل المجتمعي | J9: 0 | K9: 40000 | L9: 11000 | N9: =IF(AND($T9="معتمد",$L9>0),$M9/$L9,"") | O9: =IF($T9="معتمد",$M9-$L9,"") | P9: =IF(AND($T9="معتمد",$L9>0),($M9-$L9)/$L9,"") | V9: =IF($T9<>"معتمد","",IFERROR((IF(AND('قياس الأداء للربع الأول'!$T8="معتمد",'قياس الأداء للربع الأول'!$L8>0),'قياس الأداء للربع الأول'!$M8,0)+IF(AND('قياس الأداء للربع الثاني'!$Q8="معتمد",'قياس الأداء للربع الثاني'!$L8>0),'قياس الأداء للربع الثاني'!$M8,0)+IF(AND('قياس الأداء للربع الثالث'!$T9="معتمد",'قياس الأداء للربع الثالث'!$L9>0),'قياس الأداء للربع الثالث'!$M9,0)+IF(AND($T9="معتمد",$L9>0),$M9,0))/(IF(AND('قياس الأداء للربع الأول'!$T8="معتمد",'قياس الأداء للربع الأول'!$L8>0),'قياس الأداء للربع الأول'!$L8,0)+IF(AND('قياس الأداء للربع الثاني'!$Q8="معتمد",'قياس الأداء للربع الثاني'!$L8>0),'قياس الأداء للربع الثاني'!$L8,0)+IF(AND('قياس الأداء للربع الثالث'!$T9="معتمد",'قياس الأداء للربع الثالث'!$L9>0),'قياس الأداء للربع الثالث'!$L9,0)+IF(AND($T9="معتمد",$L9>0),$L9,0)),"")) | W9: =IF(AND($T9="معتمد",$K9>0),(IF('قياس الأداء للربع الأول'!$T8="معتمد",'قياس الأداء للربع الأول'!$M8,0)+IF('قياس الأداء للربع الثاني'!$Q8="معتمد",'قياس الأداء للربع الثاني'!$M8,0)+IF('قياس الأداء للربع الثالث'!$T9="معتمد",'قياس الأداء للربع الثالث'!$M9,0)+IF($T9="معتمد",$M9,0))/$K9,"") | X9: =A9&B9&C9&D9&E9&F9&G9&H9&I9&J9&K9&L9&M9&N9&O9&P9&Q9&R9&S9&T9&U9&V9&W9 -> ع3ع2-3عدد المستفيدين من المبادرات مستفيدكلما زاد كان أفضلربع سنويتقرير بالمبادرات المنفذة لحماية الأسر من مسببات الفقر، ونوعها وعدد المستفيدين في كل مبادرةإدارة التكافل المجتمعي04000011000 | AC9: رمزالهدف | AD9: رمزالمؤشر | AE9: اسم المؤشر | AF9: نوع المؤشر | AG9: وحدة القياس | AH9: الإتجاه | AI9: دورية القياس | AJ9: البيانات المطلوبة للقياس | AK9: الإدارة المالكة | AL9: خط الأساس | AM9: مستهدف عام 2026 | AN9: المستهدف للربع الأول | AO9: المتحقق الفعلي للربع الأول | AP9: نسبة الإنجاز Q1 | AQ9: قيمة الانحراف Q1 | AR9: نسبة الانحراف Q1 | AS9: ماذا حصل Q1؟ | AT9: كيف حصل Q1؟ | AU9: إرفاق شواهد Q1 | AV9: حالة الإعتماد | AW9: توصيات قسم الاستراتيجية | AX9: الأداء السنوي
A10: ع4 | B10: ع1-4 | C10: عدد مشاريع المشاركة المجتمعية التي نفذتها الجمعية | D10: تشغيلي | E10: مشروع | F10: كلما زاد كان أفضل | G10: ربع سنوي | H10: قائمة ببرامج المشاركة المجتمعية المنفذة | I10: إدارة التكافل المجتمعي | J10: 0 | K10: 7 | L10: 0 | M10: 50 | N10: =IF(AND($T10="معتمد",$L10>0),$M10/$L10,"") | O10: =IF($T10="معتمد",$M10-$L10,"") -> 50 | P10: =IF(AND($T10="معتمد",$L10>0),($M10-$L10)/$L10,"") | Q10: ادخال | R10: ادخال | S10: رابط | T10: معتمد | V10: =IF($T10<>"معتمد","",IFERROR((IF(AND('قياس الأداء للربع الأول'!$T9="معتمد",'قياس الأداء للربع الأول'!$L9>0),'قياس الأداء للربع الأول'!$M9,0)+IF(AND('قياس الأداء للربع الثاني'!$Q9="معتمد",'قياس الأداء للربع الثاني'!$L9>0),'قياس الأداء للربع الثاني'!$M9,0)+IF(AND('قياس الأداء للربع الثالث'!$T10="معتمد",'قياس الأداء للربع الثالث'!$L10>0),'قياس الأداء للربع الثالث'!$M10,0)+IF(AND($T10="معتمد",$L10>0),$M10,0))/(IF(AND('قياس الأداء للربع الأول'!$T9="معتمد",'قياس الأداء للربع الأول'!$L9>0),'قياس الأداء للربع الأول'!$L9,0)+IF(AND('قياس الأداء للربع الثاني'!$Q9="معتمد",'قياس الأداء للربع الثاني'!$L9>0),'قياس الأداء للربع الثاني'!$L9,0)+IF(AND('قياس الأداء للربع الثالث'!$T10="معتمد",'قياس الأداء للربع الثالث'!$L10>0),'قياس الأداء للربع الثالث'!$L10,0)+IF(AND($T10="معتمد",$L10>0),$L10,0)),"")) | W10: =IF(AND($T10="معتمد",$K10>0),(IF('قياس الأداء للربع الأول'!$T9="معتمد",'قياس الأداء للربع الأول'!$M9,0)+IF('قياس الأداء للربع الثاني'!$Q9="معتمد",'قياس الأداء للربع الثاني'!$M9,0)+IF('قياس الأداء للربع الثالث'!$T10="معتمد",'قياس الأداء للربع الثالث'!$M10,0)+IF($T10="معتمد",$M10,0))/$K10,"") -> 14.285714 | X10: =A10&B10&C10&D10&E10&F10&G10&H10&I10&J10&K10&L10&M10&N10&O10&P10&Q10&R10&S10&T10&U10&V10&W10 -> ع4ع1-4عدد مشاريع المشاركة المجتمعية التي نفذتها الجمعيةتشغيليمشروعكلما زاد كان أفضلربع سنويقائمة ببرامج المشاركة المجتمعية المنفذةإدارة التكافل المجتمعي0705050ادخال ادخالرابطمعتمد14.2857142857143 | AB10: {=_xlfn._xlws.FILTER(الجدول4234[],ISNUMBER(SEARCH(AA4,#REF!)),"غير موجود")} -> #VALUE! | AC10: #VALUE! | AD10: #VALUE! | AE10: #VALUE! | AF10: #VALUE! | AG10: #VALUE! | AH10: #VALUE! | AI10: #VALUE! | AJ10: #VALUE! | AK10: #VALUE! | AL10: #VALUE! | AM10: #VALUE! | AN10: #VALUE! | AO10: #VALUE! | AP10: #VALUE! | AQ10: #VALUE! | AR10: #VALUE! | AS10: #VALUE! | AT10: #VALUE! | AU10: #VALUE! | AV10: #VALUE! | AW10: #VALUE! | AX10: #VALUE! | AY10: ع1ع1-1متوسط ما تتحصل عليه الأسرة من الجمعية ريالكلما زاد كان أفضلربع سنويتقرير مالي بالمعونات المقدمة للأسر المستفيدة وعدد الأسر المستفيدةإدارة الرعاية و التمكين02000040000.0005معتمد
A11: ع4 | B11: ع2-4 | C11: عدد المشاركين من المجتمع في برامج المشاركة المجتمعية | E11: مشارك | F11: كلما زاد كان أفضل | G11: ربع سنوي | H11: قائمة ببرامج المشاركة المجتمعية المنفذة وعدد المشاركين | I11: إدارة التكافل المجتمعي | J11: 0 | K11: 70000 | L11: 20000 | N11: =IF(AND($T11="معتمد",$L11>0),$M11/$L11,"") | O11: =IF($T11="معتمد",$M11-$L11,"") | P11: =IF(AND($T11="معتمد",$L11>0),($M11-$L11)/$L11,"") | V11: =IF($T11<>"معتمد","",IFERROR((IF(AND('قياس الأداء للربع الأول'!$T10="معتمد",'قياس الأداء للربع الأول'!$L10>0),'قياس الأداء للربع الأول'!$M10,0)+IF(AND('قياس الأداء للربع الثاني'!$Q10="معتمد",'قياس الأداء للربع الثاني'!$L10>0),'قياس الأداء للربع الثاني'!$M10,0)+IF(AND('قياس الأداء للربع الثالث'!$T11="معتمد",'قياس الأداء للربع الثالث'!$L11>0),'قياس الأداء للربع الثالث'!$M11,0)+IF(AND($T11="معتمد",$L11>0),$M11,0))/(IF(AND('قياس الأداء للربع الأول'!$T10="معتمد",'قياس الأداء للربع الأول'!$L10>0),'قياس الأداء للربع الأول'!$L10,0)+IF(AND('قياس الأداء للربع الثاني'!$Q10="معتمد",'قياس الأداء للربع الثاني'!$L10>0),'قياس الأداء للربع الثاني'!$L10,0)+IF(AND('قياس الأداء للربع الثالث'!$T11="معتمد",'قياس الأداء للربع الثالث'!$L11>0),'قياس الأداء للربع الثالث'!$L11,0)+IF(AND($T11="معتمد",$L11>0),$L11,0)),"")) | W11: =IF(AND($T11="معتمد",$K11>0),(IF('قياس الأداء للربع الأول'!$T10="معتمد",'قياس الأداء للربع الأول'!$M10,0)+IF('قياس الأداء للربع الثاني'!$Q10="معتمد",'قياس الأداء للربع الثاني'!$M10,0)+IF('قياس الأداء للربع الثالث'!$T11="معتمد",'قياس الأداء للربع الثالث'!$M11,0)+IF($T11="معتمد",$M11,0))/$K11,"") | X11: =A11&B11&C11&D11&E11&F11&G11&H11&I11&J11&K11&L11&M11&N11&O11&P11&Q11&R11&S11&T11&U11&V11&W11 -> ع4ع2-4عدد المشاركين من المجتمع في برامج المشاركة المجتمعيةمشارككلما زاد كان أفضلربع سنويقائمة ببرامج المشاركة المجتمعية المنفذة وعدد المشاركينإدارة التكافل المجتمعي07000020000 | AB11: #VALUE! | AC11: #VALUE! | AD11: #VALUE! | AE11: #VALUE! | AF11: #VALUE! | AG11: #VALUE! | AH11: #VALUE! | AI11: #VALUE! | AJ11: #VALUE! | AK11: #VALUE! | AL11: #VALUE! | AM11: #VALUE! | AN11: #VALUE! | AO11: #VALUE! | AP11: #VALUE! | AQ11: #VALUE! | AR11: #VALUE! | AS11: #VALUE! | AT11: #VALUE! | AU11: #VALUE! | AV11: #VALUE! | AW11: #VALUE! | AX11: #VALUE! | AY11: ع1ع1-1متوسط ما تتحصل عليه الأسرة من الجمعية ريالكلما زاد كان أفضلربع سنويتقرير مالي بالمعونات المقدمة للأسر المستفيدة وعدد الأسر المستفيدةإدارة الرعاية و التمكين02000040000.0005تحت المراجعة
A12: م1 | B12: م1-1 | C12: صافي أرباح المصادر الثابتة | E12: ريال | F12: كلما زاد كان أفضل | G12: ربع سنوي | H12: تقرير مالي بالإيرادات والمصروفات المالية للجمعية | I12: إدارة الشؤون المالية و الإدارية | J12: 0 | K12: 1500000 | L12: 300000 | N12: =IF(AND($T12="معتمد",$L12>0),$M12/$L12,"") | O12: =IF($T12="معتمد",$M12-$L12,"") | P12: =IF(AND($T12="معتمد",$L12>0),($M12-$L12)/$L12,"") | V12: =IF($T12<>"معتمد","",IFERROR((IF(AND('قياس الأداء للربع الأول'!$T11="معتمد",'قياس الأداء للربع الأول'!$L11>0),'قياس الأداء للربع الأول'!$M11,0)+IF(AND('قياس الأداء للربع الثاني'!$Q11="معتمد",'قياس الأداء للربع الثاني'!$L11>0),'قياس الأداء للربع الثاني'!$M11,0)+IF(AND('قياس الأداء للربع الثالث'!$T12="معتمد",'قياس الأداء للربع الثالث'!$L12>0),'قياس الأداء للربع الثالث'!$M12,0)+IF(AND($T12="معتمد",$L12>0),$M12,0))/(IF(AND('قياس الأداء للربع الأول'!$T11="معتمد",'قياس الأداء للربع الأول'!$L11>0),'قياس الأداء للربع الأول'!$L11,0)+IF(AND('قياس الأداء للربع الثاني'!$Q11="معتمد",'قياس الأداء للربع الثاني'!$L11>0),'قياس الأداء للربع الثاني'!$L11,0)+IF(AND('قياس الأداء للربع الثالث'!$T12="معتمد",'قياس الأداء للربع الثالث'!$L12>0),'قياس الأداء للربع الثالث'!$L12,0)+IF(AND($T12="معتمد",$L12>0),$L12,0)),"")) | W12: =IF(AND($T12="معتمد",$K12>0),(IF('قياس الأداء للربع الأول'!$T11="معتمد",'قياس الأداء للربع الأول'!$M11,0)+IF('قياس الأداء للربع الثاني'!$Q11="معتمد",'قياس الأداء للربع الثاني'!$M11,0)+IF('قياس الأداء للربع الثالث'!$T12="معتمد",'قياس الأداء للربع الثالث'!$M12,0)+IF($T12="معتمد",$M12,0))/$K12,"") | X12: =A12&B12&C12&D12&E12&F12&G12&H12&I12&J12&K12&L12&M12&N12&O12&P12&Q12&R12&S12&T12&U12&V12&W12 -> م1م1-1صافي أرباح المصادر الثابتةريالكلما زاد كان أفضلربع سنويتقرير مالي بالإيرادات والمصروفات المالية للجمعيةإدارة الشؤون المالية و الإدارية01500000300000 | AB12: #VALUE! | AC12: #VALUE! | AD12: #VALUE! | AE12: #VALUE! | AF12: #VALUE! | AG12: #VALUE! | AH12: #VALUE! | AI12: #VALUE! | AJ12: #VALUE! | AK12: #VALUE! | AL12: #VALUE! | AM12: #VALUE! | AN12: #VALUE! | AO12: #VALUE! | AP12: #VALUE! | AQ12: #VALUE! | AR12: #VALUE! | AS12: #VALUE! | AT12: #VALUE! | AU12: #VALUE! | AV12: #VALUE! | AW12: #VALUE! | AX12: #VALUE! | AY12: ع1ع2-1نسبة الأسر التي تم توفير الاحتياجات الضرورية لها نسبةكلما زاد كان أفضلربع سنويتقرير يصف الإحتياجات الضرورية المعرّفة في الجمعية والأسر المستفيدة منهاإدارة الرعاية و التمكين00.940.9410.63829787234041001تحت المراجعة1
A13: م1 | B13: م2-1 | C13: صافي أرباح الاستثمارات | E13: ريال | F13: كلما زاد كان أفضل | G13: ربع سنوي | H13: تقرير بإيرادات ومصروفات الإستثمارات المالية | I13: إدارة الإستدامة | J13: 0 | K13: 10350000 | L13: 0 | N13: =IF(AND($T13="معتمد",$L13>0),$M13/$L13,"") | O13: =IF($T13="معتمد",$M13-$L13,"") | P13: =IF(AND($T13="معتمد",$L13>0),($M13-$L13)/$L13,"") | V13: =IF($T13<>"معتمد","",IFERROR((IF(AND('قياس الأداء للربع الأول'!$T12="معتمد",'قياس الأداء للربع الأول'!$L12>0),'قياس الأداء للربع الأول'!$M12,0)+IF(AND('قياس الأداء للربع الثاني'!$Q12="معتمد",'قياس الأداء للربع الثاني'!$L12>0),'قياس الأداء للربع الثاني'!$M12,0)+IF(AND('قياس الأداء للربع الثالث'!$T13="معتمد",'قياس الأداء للربع الثالث'!$L13>0),'قياس الأداء للربع الثالث'!$M13,0)+IF(AND($T13="معتمد",$L13>0),$M13,0))/(IF(AND('قياس الأداء للربع الأول'!$T12="معتمد",'قياس الأداء للربع الأول'!$L12>0),'قياس الأداء للربع الأول'!$L12,0)+IF(AND('قياس الأداء للربع الثاني'!$Q12="معتمد",'قياس الأداء للربع الثاني'!$L12>0),'قياس الأداء للربع الثاني'!$L12,0)+IF(AND('قياس الأداء للربع الثالث'!$T13="معتمد",'قياس الأداء للربع الثالث'!$L13>0),'قياس الأداء للربع الثالث'!$L13,0)+IF(AND($T13="معتمد",$L13>0),$L13,0)),"")) | W13: =IF(AND($T13="معتمد",$K13>0),(IF('قياس الأداء للربع الأول'!$T12="معتمد",'قياس الأداء للربع الأول'!$M12,0)+IF('قياس الأداء للربع الثاني'!$Q12="معتمد",'قياس الأداء للربع الثاني'!$M12,0)+IF('قياس الأداء للربع الثالث'!$T13="معتمد",'قياس الأداء للربع الثالث'!$M13,0)+IF($T13="معتمد",$M13,0))/$K13,"") | X13: =A13&B13&C13&D13&E13&F13&G13&H13&I13&J13&K13&L13&M13&N13&O13&P13&Q13&R13&S13&T13&U13&V13&W13 -> م1م2-1صافي أرباح الاستثماراتريالكلما زاد كان أفضلربع سنويتقرير بإيرادات ومصروفات الإستثمارات الماليةإدارة الإستدامة0103500000 | AB13: #VALUE! | AC13: #VALUE! | AD13: #VALUE! | AE13: #VALUE! | AF13: #VALUE! | AG13: #VALUE! | AH13: #VALUE! | AI13: #VALUE! | AJ13: #VALUE! | AK13: #VALUE! | AL13: #VALUE! | AM13: #VALUE! | AN13: #VALUE! | AO13: #VALUE! | AP13: #VALUE! | AQ13: #VALUE! | AR13: #VALUE! | AS13: #VALUE! | AT13: #VALUE! | AU13: #VALUE! | AV13: #VALUE! | AW13: #VALUE! | AX13: #VALUE! | AY13: ن3ن2-3إجمالي تكلفة المبادرات التحفيزية للعاملين ريالكلما زاد كان أفضلربع سنويتقرير بالمبادرات المنفذة لتحفيز العاملين وتكاليفها الماليةإدارة الأداء و النمو070000200000.000142857142857143
A14: م2 | B14: م1-2 | C14: عدد مصادر الدخل (الجديدة) | E14: مصدر دخل | F14: كلما زاد كان أفضل | G14: ربع سنوي | H14: تقرير بمصادر الدخل الجديدة وإيراداتها | I14: إدارة الإتصال المؤسسي | J14: 0 | K14: 1 | L14: 0 | N14: =IF(AND($T14="معتمد",$L14>0),$M14/$L14,"") | O14: =IF($T14="معتمد",$M14-$L14,"") | P14: =IF(AND($T14="معتمد",$L14>0),($M14-$L14)/$L14,"") | V14: =IF($T14<>"معتمد","",IFERROR((IF(AND('قياس الأداء للربع الأول'!$T13="معتمد",'قياس الأداء للربع الأول'!$L13>0),'قياس الأداء للربع الأول'!$M13,0)+IF(AND('قياس الأداء للربع الثاني'!$Q13="معتمد",'قياس الأداء للربع الثاني'!$L13>0),'قياس الأداء للربع الثاني'!$M13,0)+IF(AND('قياس الأداء للربع الثالث'!$T14="معتمد",'قياس الأداء للربع الثالث'!$L14>0),'قياس الأداء للربع الثالث'!$M14,0)+IF(AND($T14="معتمد",$L14>0),$M14,0))/(IF(AND('قياس الأداء للربع الأول'!$T13="معتمد",'قياس الأداء للربع الأول'!$L13>0),'قياس الأداء للربع الأول'!$L13,0)+IF(AND('قياس الأداء للربع الثاني'!$Q13="معتمد",'قياس الأداء للربع الثاني'!$L13>0),'قياس الأداء للربع الثاني'!$L13,0)+IF(AND('قياس الأداء للربع الثالث'!$T14="معتمد",'قياس الأداء للربع الثالث'!$L14>0),'قياس الأداء للربع الثالث'!$L14,0)+IF(AND($T14="معتمد",$L14>0),$L14,0)),"")) | W14: =IF(AND($T14="معتمد",$K14>0),(IF('قياس الأداء للربع الأول'!$T13="معتمد",'قياس الأداء للربع الأول'!$M13,0)+IF('قياس الأداء للربع الثاني'!$Q13="معتمد",'قياس الأداء للربع الثاني'!$M13,0)+IF('قياس الأداء للربع الثالث'!$T14="معتمد",'قياس الأداء للربع الثالث'!$M14,0)+IF($T14="معتمد",$M14,0))/$K14,"") | X14: =A14&B14&C14&D14&E14&F14&G14&H14&I14&J14&K14&L14&M14&N14&O14&P14&Q14&R14&S14&T14&U14&V14&W14 -> م2م1-2عدد مصادر الدخل (الجديدة)مصدر دخلكلما زاد كان أفضلربع سنويتقرير بمصادر الدخل الجديدة وإيراداتهاإدارة الإتصال المؤسسي010 | AB14: #VALUE! | AC14: #VALUE! | AD14: #VALUE! | AE14: #VALUE! | AF14: #VALUE! | AG14: #VALUE! | AH14: #VALUE! | AI14: #VALUE! | AJ14: #VALUE! | AK14: #VALUE! | AL14: #VALUE! | AM14: #VALUE! | AN14: #VALUE! | AO14: #VALUE! | AP14: #VALUE! | AQ14: #VALUE! | AR14: #VALUE! | AS14: #VALUE! | AT14: #VALUE! | AU14: #VALUE! | AV14: #VALUE! | AW14: #VALUE! | AX14: #VALUE! | AY14: ن4ن2-4الدرجة المتحصلة في معايير الحوكمةدرجةكلما زاد كان أفضلسنويتقرير قياس المعيارإدارة الأداء و النمو01110
